Code;Name;Start Date;End Date;Code client;Holder;Signatory name;Signatory Level;Status
0000136;CONTRAT FOURNITURE EUROFAST (DIVERS 2008;20070521;20081231;00006;ANIXTER FRANCE SARL;N/A;N/A;80
0000137;CONTRAT FOURNITURE EUROFAST (RATIER 2009;20070521;20091231;00006;ANIXTER FRANCE SARL;N/A;N/A;80
0000139;CONTRAT FOURNITURE EUROFAST (DIVERS 2008;20070521;20081231;00533;ALIGN AEROSPACE FRANCE;N/A;N/A;80
0000140;CONTRAT FOURNITURE EUROFAST (RATIER 2009;20070521;20091231;00533;ALIGN AEROSPACE FRANCE;N/A;N/A;80
0000247;CONTRAT FOURNITURE - DIVERS 2009;20090101;20091231;00533;ALIGN AEROSPACE FRANCE;N/A;N/A;80
0000145;REPRISE REFERENCES TURBOMECA;20071210;20091231;05143;PATTONAIR TAVERNY;N/A;N/A;80
0000118;CONTRAT CIRMA;20060101;20141231;05740;CIRMA ENTREPRISE;N/A;N/A;20
0000132;SOUS TRAITANT SAFRAN CONTRAT 2006-2009;20060101;20091231;06221;FAMAT;N/A;N/A;80
0000133;CONTRAT LATELEC;20070326;20111231;06358;LATELEC;N/A;N/A;80
0000018;HISPANO SUIZA CA010077 SOL;20020101;20060630;06530;HISPANO SUIZA;N/A;N/A;80
0000030;HISPANO SUIZA CA010054 VDR;20050101;20060630;06530;HISPANO SUIZA;N/A;N/A;80
0000262;AIRCELLE 2009-2010;20090101;20101231;06531;AIRCELLE;N/A;N/A;80
0000010;LATECOERE;20050101;20071231;06760;LATECOERE;N/A;N/A;80
0000096;CONTRAT 4600000218;20050101;20071231;06760;LATECOERE;N/A;N/A;80
0000173;EMBRAER-SUP0310-06;20080101;20081231;06760;LATECOERE;N/A;N/A;80
0000220;LATECOERE (ANNEXE B) _ N° 4600000745;20080701;20101231;06760;LATECOERE;N/A;N/A;80
0000224;EMBRAER-SUP0310-06;20080901;20081231;06760;LATECOERE;N/A;N/A;80
0000255;EMBRAER-SUP0310-06;20080901;20110731;06760;LATECOERE;N/A;N/A;80
0000031;Accord cadre ACCA1200;20040601;20051231;07080;MICROTURBO;N/A;N/A;80
0000067;MICROTURBO;20060101;20091231;07080;MICROTURBO;N/A;N/A;80
0000061;SNECMA VERNON;20060101;20091231;08040;SNECMA MOTEURS/DMF VERNON;N/A;N/A;80
0000007;AGREEMENT FOR A380 CARGO DOOR PROGRAM;20040208;20090208;08928;MURAKAMI EUROPE;N/A;N/A;80
0000034;Contrat Turbomeca VDR;20000101;20051231;09000;TURBOMECA;N/A;N/A;80
0000063;TURBOMECA 2006-2009;20060101;20100331;09000;TURBOMECA;N/A;N/A;80
0000082;TURBOMECA BISEAU;20060101;20070630;09000;TURBOMECA;N/A;N/A;80
0000216;TURBOMECA 2008 - 2009;20080701;20100331;09000;TURBOMECA;N/A;N/A;80
0000103;EUROCOPTER N° 018/99 (PIECES A PLAN);20050101;20081231;100003;EADS;N/A;N/A;80
0000318;AQ/APR/007/2009;20090325;20121231;200001;AERMACCHI;N/A;N/A;80
0000002;2005 AIRBUS CONTRACT -- AIRBUS;20041220;20081231;200003;AIRBUS;N/A;N/A;80
0000146;E/2003/111 - ANNEX A1 (PRICE BREAK);20080101;20091231;200003;AIRBUS;N/A;N/A;80
0000148;E/2003/111 - ANNEX A1 (Double anneal PN);20080101;20081231;200003;AIRBUS;N/A;N/A;80
0000150;E/2003/111 - ANNEX A2 (Eurofast PN);20080101;20081231;200003;AIRBUS;N/A;N/A;80
0000155;E/2003/111 - ANNEX A & A1;20080101;20151231;200003;AIRBUS;N/A;N/A;80
0000319;4600000543;20090325;20111231;200004;ALENIA;N/A;N/A;80
0000003;2005 AIRBUS CONTRACT -- BAE SYSTEME;20041220;20081231;200005;BAE SYSTEM;N/A;N/A;80
0000108;2005 AIRBUS CONTRACT -- BAE NEW;20060601;20070219;200005;BAE SYSTEM;N/A;N/A;80
0000042;104205 - VDR;20060101;20091231;200020;SAFRAN;N/A;N/A;80
0000043;104210 - VDR;20060101;20091231;200020;SAFRAN;N/A;N/A;80
0000044;104211 - VDR;20060101;20091231;200020;SAFRAN;N/A;N/A;80
0000045;104213 - VDR;20060101;20091231;200020;SAFRAN;N/A;N/A;80
0000046;104214 - VDR;20060101;20091231;200020;SAFRAN;N/A;N/A;80
0000047;104216 - VDR;20060101;20091231;200020;SAFRAN;N/A;N/A;80
0000048;5301 - VDR;20060101;20091231;200020;SAFRAN;N/A;N/A;80
0000049;920-5604 - VDR;20060101;20091231;200020;SAFRAN;N/A;N/A;80
0000050;921-1676;20060101;20091231;200020;SAFRAN;N/A;N/A;80
0000051;921-1694;20060101;20091231;200020;SAFRAN;N/A;N/A;80
0000053;921-701;20060101;20091231;200020;SAFRAN;N/A;N/A;80
0000054;921-724;20060101;20091231;200020;SAFRAN;N/A;N/A;80
0000106;2005 AIRBUS CONTRACT -- SPIRIT;20060601;20091231;200027;SPIRIT EU;N/A;N/A;80
0000000;NON RFP BAE SYSTEMS;20050101;20081231;300006;BAE UK;N/A;N/A;80
0000012;NON RFP BAE SYSTEMS - NEW;20050101;20081231;300006;BAE UK;N/A;N/A;80
0000029;EFA BAE;20050101;20051231;300006;BAE UK;N/A;N/A;80
0000075;BAE N° SBA/LISI/00/8006/EPC;20060101;20091231;300006;BAE UK;N/A;N/A;80
0000208;SBA/LISI/00/8006/EPC;20080401;20091231;300006;BAE UK;N/A;N/A;80
0000014;2005 AIRBUS CONTRACT -- FUS;20041220;20081231;300016;EADS GERMANY;N/A;N/A;80
0000076;EADS GMBH N° SBA/LISI/00/8006/EPC;20060101;20091231;300016;EADS GERMANY;N/A;N/A;80
0000178;E/2003/111 - ANNEX A & A1;20080101;20151231;300016;EADS GERMANY;N/A;N/A;80
0000183;E/2003/111 - ANNEX A1 (Double Anneal);20080101;20081231;300016;EADS GERMANY;N/A;N/A;80
0000189;E/2003/111 - ANNEX A1 (Price Break);20080101;20091231;300016;EADS GERMANY;N/A;N/A;80
0000194;E/2003/111 - ANNEX A2 (Eurofast PN);20080101;20081231;300016;EADS GERMANY;N/A;N/A;80
0000209;SBA/LISI/00/8006/EPC;20080401;20091231;300016;EADS GERMANY;N/A;N/A;80
0000245;E/2003/111 - ANNEX A & A1;20090101;20151231;300016;EADS GERMANY;N/A;N/A;80
0000272;EADS METRIC - EADS GMBH;20061201;20151231;300016;EADS GERMANY;N/A;N/A;80
0000277;E/2003/111 _ A5(a) _ RFX METRIC 2009;20090201;20151231;300016;EADS GERMANY;N/A;N/A;80
0000286;E/2003/111 _ ANNEXE A1 (a) _ RFP3;20090212;20151231;300016;EADS GERMANY;N/A;N/A;80
0000294;E/2003/111 _ ANNEXE A1 (a) _ RFP3;20090212;20151231;300016;EADS GERMANY;N/A;N/A;80
0000121;EADS METRIC - EUROCOPTER DE;20061201;20151231;300017;EUROCOPTER GERMANY;N/A;N/A;80
0000202;EUROCOPTER FASTENER + _ ANNEX 9;20080310;20101231;300017;EUROCOPTER GERMANY;N/A;N/A;80
0000230;E/2003/111 - ANNEX DRAWING PARTS 2015;20081105;20151231;300017;EUROCOPTER GERMANY;N/A;N/A;80
0000274;E/2003/111 _ A5(a) _ RFX METRIC 2009;20090201;20151231;300017;EUROCOPTER GERMANY;N/A;N/A;80
0000099;CONTRAT LABINAL;20060406;20091231;300027;LABINAL;N/A;N/A;80
0000037;CONTRAT 4600000218 ANNULE;20050101;20071231;300028;LATECOERE;N/A;N/A;80
0000094;CONTRAT 4600000218 ANNULE;20050101;20071231;300028;LATECOERE;N/A;N/A;80
0000096;CONTRAT 4600000218;20050101;20071231;300028;LATECOERE;N/A;N/A;80
0000212;LATECOERE ANNEXE A _ N°4600000744 (€);20080401;20111013;300028;LATECOERE;N/A;N/A;80
0000228;LATECOERE (ANNEXE C) N°4600000744 (LISI);20080101;20110331;300028;LATECOERE;N/A;N/A;80
0000019;LTPA Engine Hardware Product;20020901;20061231;300037;PWC;N/A;N/A;80
0000027;ROLLS ROYCE;20050101;20081231;300039;ROLLS ROYCE UK;N/A;N/A;80
0000087;ROLLS ROYCE;20050101;20081231;300039;ROLLS ROYCE UK;N/A;N/A;80
0000032;920/1436 VDR BISEAU SNECMA;20020101;20060630;300042;S/T SNECMA;N/A;N/A;80
0000033;920/1392 VDR BISEAU SNECMA;20020101;20060630;300042;S/T SNECMA;N/A;N/A;80
0000039;920/1392 SOL BISEAU SNECMA;20020101;20060630;300042;S/T SNECMA;N/A;N/A;80
0000040;920/1436 SOL BISEAU SNECMA;20020101;20051231;300042;S/T SNECMA;N/A;N/A;80
0000067;MICROTURBO;20060101;20091231;300042;S/T SNECMA;N/A;N/A;80
0000308;MOA 2009-2012;20090224;20121231;300045;SATAIR France;N/A;N/A;80
0000063;TURBOMECA 2006-2009;20060101;20091231;300049;TURBOMECA;N/A;N/A;80
0000113;WAE-LISI001;20060401;20091231;300051;WESCO EU;N/A;N/A;80
0000138;WAE-LISI001 V2;20070524;20091231;300051;WESCO EU;N/A;N/A;80
0000234;WAE-LISI001 V3;20090101;20111231;300051;WESCO EU;N/A;N/A;80
0000008;2005 AIRBUS CONTRACT -- MBDA;20050101;20081231;300054;MBDA;N/A;N/A;80
0000124;EADS METRIC - MBDA;20061201;20151231;300054;MBDA;N/A;N/A;80
0000180;E/2003/111 - ANNEX A & A1;20080101;20151231;300054;MBDA;N/A;N/A;80
0000185;E/2003/111 - ANNEX A1 (Double Anneal);20080101;20081231;300054;MBDA;N/A;N/A;80
0000191;E/2003/111 - ANNEX A1 (Price Break);20080101;20091231;300054;MBDA;N/A;N/A;80
0000196;E/2003/111 - ANNEX A2 (Eurofast PN);20080101;20081231;300054;MBDA;N/A;N/A;80
0000246;E/2003/111 - ANNEX A & A1;20090101;20151231;300054;MBDA;N/A;N/A;80
0000279;E/2003/111 _ A5(a) _ RFX METRIC 2009;20090201;20151231;300054;MBDA;N/A;N/A;80
0000288;E/2003/111 _ ANNEXE A1 (a) _ RFP3;20090212;20151231;300054;MBDA;N/A;N/A;80
0000296;E/2003/111 _ ANNEXE A1 (a) _ RFP3;20090212;20151231;300054;MBDA;N/A;N/A;80
0000028;UMECO Contract - replaced by 93;20050101;20060331;300057;PATTONAIR UK;N/A;N/A;80
0000093;UMECO Contract - replaced by 129;20010101;20010101;300057;PATTONAIR UK;N/A;N/A;80
0000093;UMECO;20051231;20070208;300057;PATTONAIR UK;N/A;N/A;80
0000107;ULOGISTICS EUROPE-GOODRICH;20060419;20070208;300057;PATTONAIR UK;N/A;N/A;80
0000129;UMECO - replaced by 0000156;20060101;20071231;300057;PATTONAIR UK;N/A;N/A;80
0000156;PATTONAIR AWARD;20080101;20091231;300057;PATTONAIR UK;N/A;N/A;80
0000171;PATTONAIR AWARD;20080101;20101231;300057;PATTONAIR UK;N/A;N/A;80
0000306;E/2003/111 _ A5(a) _ RFX METRIC 2009;20090201;20151231;300061;EADS FR AUTRES;N/A;N/A;80
0000263;SPECTECH/TECHSPACE;20090101;20101231;300069;SPECTECH;N/A;N/A;80
0000066;SNECMA PROPULSION SOLIDE;20060101;20091231;30007;SNECMA PROPULSION SOLIDE;N/A;N/A;80
0000301;E/2003/111 - ANNEX A & A1;20090101;20151231;300070;PREMIUM AEROTEC GERMANY;N/A;N/A;80
0000302;E/2003/111 _ ANNEXE A1 (a) _ RFP3;20090212;20151231;300070;PREMIUM AEROTEC GERMANY;N/A;N/A;80
0000303;E/2003/111 _ ANNEXE A1 (a) _ RFP3;20090212;20151231;300070;PREMIUM AEROTEC GERMANY;N/A;N/A;80
0000304;E/2003/111 _ A5(a) _ RFX METRIC 2009;20090201;20151231;300070;PREMIUM AEROTEC GERMANY;N/A;N/A;80
0000305;EADS METRIC - EADS GMBH;20061201;20151231;300070;PREMIUM AEROTEC GERMANY;N/A;N/A;80
0000056;CONTRAT DASSAULT 199;19991129;20081231;331006;DASSAULT;N/A;N/A;80
0000057;CONTRAT DASSAULT 281;19990324;20081231;331006;DASSAULT;N/A;N/A;80
0000058;CONTRAT DASSAULT 211;19990324;20081231;331006;DASSAULT;N/A;N/A;80
0000102;CONTRAT DASSAULT 2006/07;20060101;20071231;331006;DASSAULT;N/A;N/A;80
0000164;CONTRAT DASSAULT 2006/2012;20060324;20131231;331006;DASSAULT;N/A;N/A;80
0000004;CONTRAT LASSO 2005 ES00537;20050101;20051231;331007;AIRBUS FRANCE;N/A;N/A;80
0000059;CONTRAT AIRBUS 04;20051001;20051231;331007;AIRBUS FRANCE;N/A;N/A;80
0000069;CONTRAT REP AIRBUS FR ANNULE;20060101;20081231;331007;AIRBUS FRANCE;N/A;N/A;80
0000070;LASSO 2006-2008 ANNULE;20060101;20060901;331007;AIRBUS FRANCE;N/A;N/A;80
0000079;LASSO 2006-2008 ANNULE;20060115;20060901;331007;AIRBUS FRANCE;N/A;N/A;80
0000097;CONTRAT REP AIRBUS FR;20060101;20070831;331007;AIRBUS FRANCE;N/A;N/A;80
0000098;LASSO 2006-2008;20060115;20081231;331007;AIRBUS FRANCE;N/A;N/A;80
0000128;CONTRAT REP06 - AIRBUS FR;20060201;20070831;331007;AIRBUS FRANCE;N/A;N/A;80
0000141;E/2003/111 OVERSIZE AIRBUS FR (REPEATER);20060201;20151231;331007;AIRBUS FRANCE;N/A;N/A;80
0000142;E/2003/111 OVERSIZE AIRBUS FR (RUNNERS);20070901;20151231;331007;AIRBUS FRANCE;N/A;N/A;80
0000152;E/2003/111 - ANNEX A6 - AF;20080101;20151231;331007;AIRBUS FRANCE;N/A;N/A;80
0000153;E/2003/111 - ANNEX A2 - AF;20080101;20081231;331007;AIRBUS FRANCE;N/A;N/A;80
0000154;E/2003/111 - ANNEX A3 & A4 - AF;20080101;20081231;331007;AIRBUS FRANCE;N/A;N/A;80
0000235;E/2003/111 - Annex A & A1;20090101;20151231;331007;AIRBUS FRANCE;N/A;N/A;80
0000239;E/2003/111 - A&A1 (ASNA2012 & ASNA2013);20090101;20151231;331007;AIRBUS FRANCE;N/A;N/A;80
0000264;E/2003/111 - Annex A;20090101;20151231;331007;AIRBUS FRANCE;N/A;N/A;80
0000265;E/2003/111 - Annex A1;20090101;20151231;331007;AIRBUS FRANCE;N/A;N/A;80
0000297;E/2003/111 _ ANNEXE A1 (a) _ RFP3;20090212;20151231;331007;AIRBUS FRANCE;N/A;N/A;80
0000298;E/2003/111 _ ANNEXE A1 (a) _ RFP3;20090212;20151231;331007;AIRBUS FRANCE;N/A;N/A;80
0000313;E/2003/111 - ANNEX A13;20090323;20151231;331007;AIRBUS FRANCE;N/A;N/A;80
0000065;921-1694 & 1676- MIL+CIV - SNECMA SERVIC;20060101;20091231;331011;SNECMA SERVICE;N/A;N/A;80
0000068;HISPANO SUIZA CA050034 VDR;20060101;20091231;331016;HISPANO SUIZA;N/A;N/A;80
0000080;HISPANO SUIZA CA050035 SOL;20060101;20091231;331016;HISPANO SUIZA;N/A;N/A;80
0000238;E/2003/111 - Annex A & A1;20090101;20151231;331027;AIRBUS GERMANY;N/A;N/A;80
0000242;E/2003/111 - A&A1 (ASNA2012 & ASNA2013);20090101;20151231;331027;AIRBUS GERMANY;N/A;N/A;80
0000270;E/2003/111 - Annex A;20090101;20151231;331027;AIRBUS GERMANY;N/A;N/A;80
0000271;E/2003/111 - Annex A1;20090101;20151231;331027;AIRBUS GERMANY;N/A;N/A;80
0000282;E/2003/111 _ ANNEXE A1 (a) _ RFP3;20090212;20151231;331027;AIRBUS GERMANY;N/A;N/A;80
0000290;E/2003/111 _ ANNEXE A1 (a) _ RFP3;20090212;20151231;331027;AIRBUS GERMANY;N/A;N/A;80
0000320;E/2003/111 - ANNEX A2;20090401;20151231;331027;AIRBUS GERMANY;N/A;N/A;80
0000006;NON RFP AIRBUS UK;20050101;20081231;331028;AIRBUS UK;N/A;N/A;80
0000088;AIRBUS UK A380 Delivery Schedule;20040901;20081231;331028;AIRBUS UK;N/A;N/A;80
0000117;E/2003/111 OVERSIZE AUK (RUNNERS);20061101;20151231;331028;AIRBUS UK;N/A;N/A;80
0000149;E/2003/111 - ANNEX A2 - AUK;20080101;20081231;331028;AIRBUS UK;N/A;N/A;80
0000151;E/2003/111 - ANNEX A3 & A4 - AUK;20080101;20081231;331028;AIRBUS UK;N/A;N/A;80
0000161;E/2003/111 OVERSIZE AIRBUS UK (REPEATERS;20060201;20151231;331028;AIRBUS UK;N/A;N/A;80
0000170;E/2003/111 OVERSIZE AUK (REPEATERS);20060201;20151231;331028;AIRBUS UK;N/A;N/A;80
0000236;E/2003/111 - Annex A & A1;20090101;20151231;331028;AIRBUS UK;N/A;N/A;80
0000240;E/2003/111 - A&A1 (ASNA2012 & ASNA2013);20090101;20151231;331028;AIRBUS UK;N/A;N/A;80
0000258;E/2003/111 - ANNEX A & A1;20080101;20090131;331028;AIRBUS UK;N/A;N/A;80
0000266;E/2003/111 - Annex A;20090101;20151231;331028;AIRBUS UK;N/A;N/A;80
0000267;E/2003/111 - Annex A1;20090101;20151231;331028;AIRBUS UK;N/A;N/A;80
0000281;E/2003/111 _ ANNEXE A1 (a) _ RFP3;20090212;20151231;331028;AIRBUS UK;N/A;N/A;80
0000289;E/2003/111 _ ANNEXE A1 (a) _ RFP3;20090212;20151231;331028;AIRBUS UK;N/A;N/A;80
0000020;CONTRAT A380;20041123;20081231;331029;ALENIA AIRBUS - voir 332029;N/A;N/A;80
0000060;MESSIER;20051001;20091231;331035;MESSIER BUGATTI DOWTY (EX MESSIER);N/A;N/A;80
0000217;MESSIER 2009 - 2012 - USD;20090101;20130331;331035;MESSIER BUGATTI DOWTY (EX MESSIER);N/A;N/A;80
0000233;MESSIER VDR EUR 2009-2012;20090101;20130331;331035;MESSIER BUGATTI DOWTY (EX MESSIER);N/A;N/A;80
0000032;920/1436 VDR BISEAU SNECMA;20020101;20060630;331037;SNECMA;N/A;N/A;80
0000033;920/1392 VDR BISEAU SNECMA;20020101;20060630;331037;SNECMA;N/A;N/A;80
0000039;920/1392 SOL BISEAU SNECMA;20020101;20060630;331037;SNECMA;N/A;N/A;80
0000040;920/1436 SOL BISEAU SNECMA;20020101;20051231;331037;SNECMA;N/A;N/A;80
0000071;920-1392 - 2006/2009 SNECMA;20060101;20091231;331037;SNECMA;N/A;N/A;80
0000072;920-1436 - 2006/2009 SNECMA;20060101;20091231;331037;SNECMA;N/A;N/A;80
0000073;920-5586 - 2006/2009 SNECMA;20060101;20091231;331037;SNECMA;N/A;N/A;80
0000074;920-5604 - 2006/2009 SNECMA;20060101;20091231;331037;SNECMA;N/A;N/A;80
0000147;E/2003/111 - ANNEX A2 - AS;20080101;20081231;331041;AIRBUS SPAIN;N/A;N/A;80
0000237;E/2003/111 - Annex A & A1;20090101;20151231;331041;AIRBUS SPAIN;N/A;N/A;80
0000241;E/2003/111 - A&A1 (ASNA2012 & ASNA2013);20090101;20151231;331041;AIRBUS SPAIN;N/A;N/A;80
0000268;E/2003/111 - Annex A;20090101;20151231;331041;AIRBUS SPAIN;N/A;N/A;80
0000269;E/2003/111 - Annex A1;20090101;20151231;331041;AIRBUS SPAIN;N/A;N/A;80
0000283;E/2003/111 _ ANNEXE A1 (a) _ RFP3;20090212;20151231;331041;AIRBUS SPAIN;N/A;N/A;80
0000291;E/2003/111 _ ANNEXE A1 (a) _ RFP3;20090212;20151231;331041;AIRBUS SPAIN;N/A;N/A;80
0000035;Contrat Techspace prog. CFM56-5B VDR;20020101;20051231;331056;TECHSPACE;N/A;N/A;80
0000036;Techspace-Contrat pièces PW US;20020101;20051109;331056;TECHSPACE;N/A;N/A;80
0000041;Contrat Techspace prog. CFM56;20020101;20051231;331056;TECHSPACE;N/A;N/A;80
0000064;TECHSPACE SAFRAN 2006-2009;20060101;20091231;331056;TECHSPACE;N/A;N/A;80
0000084;TECHSPACE P&W 2006-2009 EURO;20060101;20091231;331056;TECHSPACE;N/A;N/A;80
0000085;TECHSPACE PW 2006 USD;20060101;20061231;331056;TECHSPACE;N/A;N/A;80
0000221;TECHSPACE 2008-2009;20080915;20091231;331056;TECHSPACE;N/A;N/A;80
0000055;EUROCOPTER N° 018/99 PHASE OUT;20061102;20061231;331080;EUROCOPTER FRANCE;N/A;N/A;80
0000114;OFFRE EN COURS;20060901;20091221;331080;EUROCOPTER FRANCE;N/A;N/A;80
0000120;EADS METRIC - EUROCOPTER FR;20061201;20151231;331080;EUROCOPTER FRANCE;N/A;N/A;80
0000126;EUROCOPTER LASSO;20060201;20070228;331080;EUROCOPTER FRANCE;N/A;N/A;80
0000131;EUROCOPTER LASSO 2007;20010101;20091231;331080;EUROCOPTER FRANCE;N/A;N/A;80
0000199;EUROCOPTER FASTENER + _ ANNEX 9;20080310;20101231;331080;EUROCOPTER FRANCE;N/A;N/A;80
0000229;E/2003/111 - ANNEX DRAWING PARTS 2015;20081105;20151231;331080;EUROCOPTER FRANCE;N/A;N/A;80
0000232;EUROCOPTER LASSO 2009;20081128;20091231;331080;EUROCOPTER FRANCE;N/A;N/A;80
0000273;E/2003/111 _ A5(a) _ RFX METRIC 2009;20090201;20151231;331080;EUROCOPTER FRANCE;N/A;N/A;80
0000280;E/2003/111 _ ANNEXE A8 (LASSO);20090201;20151231;331080;EUROCOPTER FRANCE;N/A;N/A;80
0000165;AERNNOVA LTA 2010 USD;20080101;20131231;331082;AERNNOVA AEROSPACE S.A;N/A;N/A;20
0000166;AERNNOVA LTA 2010 EUR;20080101;20131231;331082;AERNNOVA AEROSPACE S.A;N/A;N/A;20
0000204;AERNNOVA LTA 2010 EUR;20080101;20131231;331082;AERNNOVA AEROSPACE S.A;N/A;N/A;20
0000038;MLFA 100052 Rev. 00;20001012;20051231;332029;ALENIA AIRBUS/EFA;N/A;N/A;80
0000078;ALENIA N° SBA/LISI/00/8006/EPC;20060101;20091231;332029;ALENIA AIRBUS/EFA;N/A;N/A;80
0000207;SBA/LISI/00/8006/EPC;20080401;20091231;332029;ALENIA AIRBUS/EFA;N/A;N/A;80
0000016;2005 AIRBUS CONTRACT -- EADS SPAIN;20050101;20081231;332041;EADS SPAIN;N/A;N/A;80
0000077;MTAD N° SBA/LISI/00/8006/EPC;20060101;20091231;332041;EADS SPAIN;N/A;N/A;80
0000125;EADS METRIC - MTAD;20061201;20151231;332041;EADS SPAIN;N/A;N/A;80
0000206;SBA/LISI/00/8006/EPC;20080401;20091231;332041;EADS SPAIN;N/A;N/A;80
0000284;E/2003/111 _ ANNEXE A1 (a) _ RFP3;20090212;20151231;332041;EADS SPAIN;N/A;N/A;80
0000292;E/2003/111 _ ANNEXE A1 (a) _ RFP3;20090212;20151231;332041;EADS SPAIN;N/A;N/A;80
0000123;EADS METRIC - SOCATA;20061201;20091231;333007;SOCATA;N/A;N/A;80
0000312;E/2003/111 - ANNEX A & A1;20090301;20111231;333007;SOCATA;N/A;N/A;80
0000001;2005 AIRBUS CONTRACT -- SOGERMA;20050101;20081231;334007;SOGERMA;N/A;N/A;80
0000122;EADS METRIC - SOGERMA;20061201;20151231;334007;SOGERMA;N/A;N/A;80
0000179;E/2003/111 - ANNEX A & A1;20080101;20151231;334007;SOGERMA;N/A;N/A;80
0000184;E/2003/111 - ANNEX A1 (Double Anneal);20080101;20081231;334007;SOGERMA;N/A;N/A;80
0000190;E/2003/111 - ANNEX A1 (Price Break);20080101;20091231;334007;SOGERMA;N/A;N/A;80
0000195;E/2003/111 - ANNEX A2 (Eurofast PN);20080101;20081231;334007;SOGERMA;N/A;N/A;80
0000259;E/2003/111 - ANNEX A & A1;20090101;20151231;334007;SOGERMA;N/A;N/A;80
0000278;E/2003/111 _ A5(a) _ RFX METRIC 2009;20090201;20151231;334007;SOGERMA;N/A;N/A;80
0000287;E/2003/111 _ ANNEXE A1 (a) _ RFP3;20090212;20151231;334007;SOGERMA;N/A;N/A;80
0000295;E/2003/111 _ ANNEXE A1 (a) _ RFP3;20090212;20151231;334007;SOGERMA;N/A;N/A;80
MODEL;MODEL FOR EU PLANTS (TYPE 001);20050101;20091231;50000;TYPICAL CUSTOMER FRANCAIS;N/A;N/A;10
0000218;AIP EUR APPENDIX 1;20080527;20110526;51170;AIP Italia S.p.A.;N/A;N/A;80
0000104;CONTRAT AVIO SPA TURIN & BRINDISI;20060308;20091231;53304;AVIO SPA;N/A;N/A;80
0000105;CONTRAT AVIO SPA POMIGLIANO;20060308;20091231;53304;AVIO SPA;N/A;N/A;80
0000309;E/2003/111 _ A5(a) _ RFX METRIC 2009;20090201;20151231;55292;ASTRIUM GMBH;N/A;N/A;80
0000315;E/2003/111 - ANNEX A5;20090324;20151231;55292;ASTRIUM GMBH;N/A;N/A;80
0000310;E/2003/111 _ A5(a) _ RFX METRIC 2009;20090201;20151231;55293;ASTRIUM GMBH;N/A;N/A;80
0000316;E/2003/111 - ANNEX A5;20090324;20151231;55293;ASTRIUM GMBH;N/A;N/A;80
0000321;2009 PRICING AGREEMENT;20090101;20111231;55348;AVIALL;N/A;N/A;80
0000026;TOP100 WEST;20050101;20091231;55515;AIRBUS OPERATIONS LTD;N/A;N/A;80
0000116;TOP100 WEST PHASE OUT;20050101;20091231;55515;AIRBUS OPERATIONS LTD;N/A;N/A;80
0000025;TOP100 EAST;20050101;20091231;55516;AIRBUS OPERATIONS LTD;N/A;N/A;80
0000115;TOP100 EAST PHASE OUT;20050101;20091231;55516;AIRBUS OPERATIONS LTD;N/A;N/A;80
0000215;CATIC LTA 2008;20080501;20120531;55738;AVIC INTERNATIONAL HOLDING CORP.;N/A;N/A;80
0000176;E/2003/111 - ANNEX A & A1;20080101;20151231;55741;EADS-CASA, S.A.;N/A;N/A;80
0000181;E/2003/111 - ANNEX A1 (Double Anneal);20080101;20081231;55741;EADS-CASA, S.A.;N/A;N/A;80
0000187;E/2003/111 - ANNEX A1 (Price Break);20080101;20091231;55741;EADS-CASA, S.A.;N/A;N/A;80
0000192;E/2003/111 - ANNEX A2 (Eurofast PN);20080101;20081231;55741;EADS-CASA, S.A.;N/A;N/A;80
0000243;E/2003/111 - ANNEX A & A1;20090101;20151231;55741;EADS-CASA, S.A.;N/A;N/A;80
0000276;E/2003/111 _ A5(a) _ RFX METRIC 2009;20090201;20151231;55741;EADS-CASA, S.A.;N/A;N/A;80
0000015;EADS COMPOSITES ATLANTIC 2005-2008;20050101;20081231;55769;EADS COMPOSITES ATLANTIC LTD;N/A;N/A;80
0000214;EMBRAER-SUP0310-06;20080401;20081231;55817;KAWASAKI HEAVY INDUSTRIES LTD;N/A;N/A;80
0000254;EMBRAER-SUP0310-06;20080401;20110731;55817;KAWASAKI HEAVY INDUSTRIES LTD;N/A;N/A;80
0000249;E/2003/111 - ANNEX A11 -Enable Partner;20090101;20151231;55852;GKN AEROSPACE SERVICES LTD;N/A;N/A;80
0000250;STUD_TRANSFER AIRBUS UK TO GKN;20090101;20151231;55852;GKN AEROSPACE SERVICES LTD;N/A;N/A;80
0000261;E/2003/111 - ANNEX A12 -  GKN;20090101;20091231;55852;GKN AEROSPACE SERVICES LTD;N/A;N/A;80
0000299;E/2003/111 _ ANNEXE A11 (a) _ RFP3;20090212;20151231;55852;GKN AEROSPACE SERVICES LTD;N/A;N/A;80
0000300;E/2003/111 _ ANNEXE A11 (a) _ RFP3;20090212;20151231;55852;GKN AEROSPACE SERVICES LTD;N/A;N/A;80
0000135;EMBRAER - SUP0310-06 _ 2007 PRICES;20070401;20071231;56211;EMBRAER;N/A;N/A;80
0000172;EMBRAER-SUP0310-06;20080101;20081231;56211;EMBRAER;N/A;N/A;80
0000219;EMBRAER-SUP0310-06 (2digits);20080101;20081231;56211;EMBRAER;N/A;N/A;80
0000253;EMBRAER-SUP0310-06 (2digits);20080101;20110209;56211;EMBRAER;N/A;N/A;80
0000311;E/2003/111 _ A5(a) _ RFX METRIC 2009;20090201;20151231;56216;ASTRIUM GMBH  SPACE TRANSPORTATION;N/A;N/A;80
0000317;E/2003/111 - ANNEX A5;20090324;20151231;56216;ASTRIUM GMBH  SPACE TRANSPORTATION;N/A;N/A;80
0000174;EMBRAER-SUP0310-06;20080101;20081231;56230;SONACA;N/A;N/A;80
0000226;EMBRAER-SUP0310-06;20080901;20081231;56230;SONACA;N/A;N/A;80
0000257;EMBRAER-SUP0310-06;20080901;20110731;56230;SONACA;N/A;N/A;80
0000143;RUAG CONTRAT 2827;20070801;20091231;56240;RUAG SCHWEIZ AG;N/A;N/A;80
0000203;EUROCOPTER FASTENER + _ ANNEX 9;20080310;20101231;56301;EUROCOPTER ESPANA;N/A;N/A;80
0000231;E/2003/111 - ANNEX DRAWING PARTS 2015;20081105;20151231;56301;EUROCOPTER ESPANA;N/A;N/A;80
0000275;E/2003/111 _ A5(a) _ RFX METRIC 2009;20090201;20151231;56301;EUROCOPTER ESPANA;N/A;N/A;80
0000307;E/2003/111 _ A5 _ METRIC;20090201;20151231;56301;EUROCOPTER ESPANA;N/A;N/A;80
0000009;GAMESA SOL;20050101;20051231;56406;AERNNOVA AEROSPACE S.A;N/A;N/A;80
0000011;GAMESA UK;20050101;20051231;56406;AERNNOVA AEROSPACE S.A;N/A;N/A;80
0000013;GAMESA VDR;20050101;20051231;56406;AERNNOVA AEROSPACE S.A;N/A;N/A;80
0000175;EMBRAER-SUP0310-06;20080101;20081231;56406;AERNNOVA AEROSPACE S.A;N/A;N/A;80
0000223;EMBRAER-SUP0310-06;20080901;20081231;56406;AERNNOVA AEROSPACE S.A;N/A;N/A;80
0000252;EMBRAER-SUP0310-06;20080901;20110731;56406;AERNNOVA AEROSPACE S.A;N/A;N/A;80
0000197;SBA/LISI/00/8006/EPC - 4600001641 & 4600;20080101;20111231;56832;ALENIA AERMACCHI;N/A;N/A;80
0000211;SBA/LISI/00/8006/EPC;20080401;20091231;56832;ALENIA AERMACCHI;N/A;N/A;80
0000083;CONTRAT MTU 2006-2007;20060101;20071231;56835;MTU AERO ENGINES GMBH;N/A;N/A;80
0000086;CONTRAT MTU 2006-2010;20060101;20101231;56835;MTU AERO ENGINES GMBH;N/A;N/A;80
0000163;Contract MTU 2008-2010;20071126;20101231;56835;MTU AERO ENGINES GMBH;N/A;N/A;80
0000177;E/2003/111 - ANNEX A & A1;20080101;20151231;56845;EADS MAROC AVIATION;N/A;N/A;80
0000182;E/2003/111 - ANNEX A1 (Double Anneal);20080101;20081231;56845;EADS MAROC AVIATION;N/A;N/A;80
0000188;E/2003/111 - ANNEX A1 (Price Break);20080101;20091231;56845;EADS MAROC AVIATION;N/A;N/A;80
0000193;E/2003/111 - ANNEX A2 (Eurofast PN);20080101;20081231;56845;EADS MAROC AVIATION;N/A;N/A;80
0000244;E/2003/111 - ANNEX A & A1;20090101;20151231;56845;EADS MAROC AVIATION;N/A;N/A;80
0000285;E/2003/111 _ ANNEXE A1 (a) _ RFP3;20090212;20151231;56845;EADS MAROC AVIATION;N/A;N/A;80
0000293;E/2003/111 _ ANNEXE A1 (a) _ RFP3;20090212;20151231;56845;EADS MAROC AVIATION;N/A;N/A;80
0000227;SBA/LISI/00/8006/EPC;20080401;20091231;56854;AIRCRAFT SERVICES;N/A;N/A;80
0000021;GE Contrat vis 259;20050101;20051231;57149;CORBUS;N/A;N/A;80
0000022;GE ECROUS 362;20050101;20051231;57149;CORBUS;N/A;N/A;80
0000023;GE TORX 386;20050101;20051231;57149;CORBUS;N/A;N/A;80
0000091;GE 2006;20060101;20061231;57149;CORBUS;N/A;N/A;80
0000091;GE 2007;20070101;20071231;57149;CORBUS;N/A;N/A;80
0000091;GE 2008;20080101;20081231;57149;CORBUS;N/A;N/A;80
0000251;GE 2009;20090101;20111231;57149;CORBUS;N/A;N/A;80
0000024;PWA 261;20050101;20051231;57313;PRATT & WHITNEY USA;N/A;N/A;80
0000092;PWA 2006;20060101;20061231;57313;PRATT & WHITNEY USA;N/A;N/A;80
0000092;PWA 2007;20070101;20071231;57313;PRATT & WHITNEY USA;N/A;N/A;80
0000092;PWA 2008;20080101;20081231;57313;PRATT & WHITNEY USA;N/A;N/A;80
0000222;PWA 2009;20090101;20091231;57313;PRATT & WHITNEY USA;N/A;N/A;80
0000081;SABCA N° H.11F/0046.000.018;20060101;20081231;57760;SABCA;N/A;N/A;80
0000248;H.11F/0046.000.018;20090101;20121231;57760;SABCA;N/A;N/A;80
0000205;EMBRAER-SUP0310-06;20080101;20081231;57904;ALESTIS AEROSPACE MANUFACTURING S.L;N/A;N/A;80
0000225;EMBRAER-SUP0310-06;20080901;20081231;57904;ALESTIS AEROSPACE MANUFACTURING S.L;N/A;N/A;80
0000256;EMBRAER-SUP0310-06;20080901;20110731;57904;ALESTIS AEROSPACE MANUFACTURING S.L;N/A;N/A;80
0000314;CONTRAT SAFRAN;20090101;20091231;58042;SCHAUBLIN SA;N/A;N/A;80
0000017;BLAAER V31;20030703;20070701;58928;ANIXTER PENTACON (PWC);N/A;N/A;80
0000260;Gentleman agreement PWC business;20090101;20111231;58928;ANIXTER PENTACON (PWC);N/A;N/A;80
0000100;CONTRAT 4600000218;20050101;20071231;59019;WESCO AIRCRAFT (UK) LTD.;N/A;N/A;80
0000213;LTA-XAC-Z2007-27;20080409;20101231;59200;XAC GROUP IMPORT;N/A;N/A;80
0000322;AUB Test démarrage M3;20090101;20151231;331028;AIRBUS UK;N/A;N/A;80
0000324;Annexe 7 MOA;20090617;20121231;300045;SATAIR France;N/A;N/A;80
0000323;AQ-APR-007-2009 (2);20090325;20121231;200001;AERMACCHI;N/A;N/A;80
0000325;E/2003/111 - ANNEX A & A1;20090101;20151231;55152;PREMIUM AEROTEC GMBH AUGSBURG;N/A;N/A;80
0000326;E/2003/111 - Annex A;20090101;20151231;55165;PREMIUM AEROTEC GMBH VAREL;N/A;N/A;80
0000327;E/2003/111 - Annex A;20090101;20151231;55166;PREMIUM AEROTEC GMBH NORDENHAM;N/A;N/A;80
0000328;E/2003/111 - Annex A1;20090101;20151231;55165;PREMIUM AEROTEC GMBH VAREL;N/A;N/A;80
0000329;E/2003/111 - Annex A1;20090101;20151231;55166;PREMIUM AEROTEC GMBH NORDENHAM;N/A;N/A;80
0000330;EMBRAER-SUP0310-06;20080901;20110805;55176;AERNNOVA AEROSPACE S.A;N/A;N/A;80
0000331;AIP EUR APPENDIX 1;20080527;20110526;300005;ALA;N/A;N/A;80
0000332;E/2003/111 - ANNEX A2;20090717;20151231;331007;AIRBUS FRANCE;N/A;N/A;80
0000334;FAMAT 2010-2014 REFS.SNECMA;20091220;20141231;06221;FAMAT;N/A;N/A;20
0000333;Bombadier - Collars;20090801;20110926;300074;RUAG;N/A;N/A;80
0000335;E/2003/111 - ANNEX A2 (AF);20090717;20110322;331027;AIRBUS GERMANY;N/A;N/A;80
0000336;E/2003/111 - ANNEX A2 (AF);20090717;20200322;331041;AIRBUS SPAIN;N/A;N/A;80
0000337;E/2003/111 - ANNEX A2 (AF);20090717;20110322;331028;AIRBUS UK;N/A;N/A;80
0000338;WAE - LISI001 - AMENDT N°1;20090901;20121231;300051;WESCO EU;N/A;N/A;80
0000339;NEW SAFRAN CONTRACT 2010 - 2014 (WON);20090923;20141231;331037;SNECMA;N/A;N/A;80
0000340;NEW SAFRAN CONTRACT 2010 - 2014 (WON);20090923;20141231;331011;SNECMA SERVICE;N/A;N/A;80
0000341;NEW SAFRAN CONTRACT 2010 - 2014;20100101;20141231;331016;HISPANO SUIZA;N/A;N/A;80
0000362;921-CONTRAT SAFRAN 2010 2014-KEPT;20091220;20141231;331011;SNECMA SERVICE;N/A;N/A;80
0000350;E/2003/111 - ANNEX A & A1;20091201;20151231;55741;EADS-CASA, S.A.;N/A;N/A;80
0000363;920-NEW SAFRAN CONTRACT 2010-2014-WON;20091220;20141231;331037;SNECMA;N/A;N/A;80
0000344;SBA/LISI/00/8006/EPC (EFA);20091101;20111231;300006;BAE UK;N/A;N/A;80
0000345;SBA/LISI/00/8006/EPC (EFA);20091101;20111006;332029;ALENIA AIRBUS/EFA;N/A;N/A;80
0000346;SBA/LISI/00/8006/EPC (EFA);20091101;20111006;332041;EADS SPAIN;N/A;N/A;80
0000347;SBA/LISI/00/8006/EPC (EFA);20091101;20111006;300016;EADS GERMANY;N/A;N/A;80
0000348;SBA/LISI/00/8006/EPC (EFA);20091101;20111006;56854;AIRCRAFT SERVICES;N/A;N/A;80
0000349;SBA/LISI/00/8006/EPC (EFA);20091101;20111006;56832;ALENIA AERMACCHI;N/A;N/A;80
0000351;E/2003/111 - ANNEX A & A1;20091201;20151231;300054;MBDA;N/A;N/A;80
0000352;E/2003/111 - ANNEX A & A1;20091201;20151231;300016;EADS GERMANY;N/A;N/A;80
0000353;E/2003/111 - ANNEX A & A1;20091201;20151231;55152;PREMIUM AEROTEC GMBH AUGSBURG;N/A;N/A;80
0000354;E/2003/111 - ANNEX A & A1;20091201;20151231;334007;SOGERMA;N/A;N/A;80
0000355;E/2003/111 - ANNEX A & A1;20091201;20151231;56845;EADS MAROC AVIATION;N/A;N/A;80
0000356;E/2003/111 - ANNEX A & A1;20091201;20111231;333007;SOCATA;N/A;N/A;80
0000357;CONTRAT SNECMA PROP SOLIDE / LISI 2010 A;20091220;20141231;30007;SNECMA PROPULSION SOLIDE;N/A;N/A;80
0000358;SAFRAN 2010-2014 - SS TRAITANTS;20100101;20141231;300042;S/T SNECMA;N/A;N/A;20
0000359;920-CONTRAT SAFRAN 2010-2014 USD;20091220;20141231;331037;SNECMA;N/A;N/A;80
0000360;921-CONTRAT SAFRAN 2010-2014 USD;20091220;20141231;331011;SNECMA SERVICE;N/A;N/A;80
0000361;920-CONTRAT SAFRAN 2010 2014-KEPT;20091220;20141231;331037;SNECMA;N/A;N/A;80
0000364;921-SAFRAN CONTRACT 2010-2014-WON;20091220;20141231;331011;SNECMA SERVICE;N/A;N/A;80
0000365;SAFRAN 2010-2014-SOL;20091217;20141231;331016;HISPANO SUIZA;N/A;N/A;20
0000366;SAFRAN 2010 - 2014 - VDR;20091217;20141231;331016;HISPANO SUIZA;N/A;N/A;20
0000367;LABINAL 2010-2012;20100101;20121231;300027;LABINAL;N/A;N/A;20
0000368;SAFRAN 2010-2014;20100101;20141231;331056;TECHSPACE;N/A;N/A;20
0000369;E/2003/111 - ANNEX A5 (a);20100101;20151231;300061;EADS FR AUTRES;N/A;N/A;80
0000370;E/2003/111 - ANNEX A5 (a);20100101;20151231;55292;ASTRIUM GMBH;N/A;N/A;80
0000372;E/2003/111 - ANNEX A5 (a);20100101;20151231;56216;ASTRIUM GMBH  SPACE TRANSPORTATION;N/A;N/A;80
0000371;E/2003/111 - ANNEX A5 (a);20100101;20151231;55293;ASTRIUM GMBH;N/A;N/A;80
0000373;E/2003/111 - ANNEX A5 (a);20100101;20151231;300070;PREMIUM AEROTEC GERMANY;N/A;N/A;80
0000374;E/2003/111 - ANNEX A5 (a);20100101;20151231;55741;EADS-CASA, S.A.;N/A;N/A;80
0000375;E/2003/111 - ANNEX A5 (a);20100101;20151231;300016;EADS GERMANY;N/A;N/A;80
0000381;PWA 2010;20100101;20111231;57313;PRATT & WHITNEY USA;N/A;N/A;80
0000376;E/2003/111 - ANNEX A5 (a);20100101;20151231;334007;SOGERMA;N/A;N/A;80
0000377;E/2003/111 - ANNEX A5 (a);20100101;20151231;300054;MBDA;N/A;N/A;80
0000378;E/2003/111 - ANNEX A5 (a);20100101;20151231;331080;EUROCOPTER FRANCE;N/A;N/A;80
0000379;E/2003/111 - ANNEX A5 (a);20100101;20151231;300017;EUROCOPTER GERMANY;N/A;N/A;80
0000380;E/2003/111 - ANNEX A5 (a);20100101;20151231;56301;EUROCOPTER ESPANA;N/A;N/A;80
0000382;SPIRIT CONTRACT TOR : COLLARS-see 552;20100101;20111231;57912;SPIRIT AEROSYSTEMS INC;N/A;N/A;80
0000383;E/2003/111 - ANNEX A5 (a);20100101;20151231;300061;EADS FR AUTRES;N/A;N/A;80
0000384;E/2003/111 - ANNEX A5 (a);20100101;20151231;55292;ASTRIUM GMBH;N/A;N/A;80
0000385;E/2003/111 - ANNEX A5 (a);20100101;20151231;55293;ASTRIUM GMBH;N/A;N/A;80
0000386;E/2003/111 - ANNEX A5 (a);20100101;20151231;56216;ASTRIUM GMBH  SPACE TRANSPORTATION;N/A;N/A;80
0000387;E/2003/111 - ANNEX A5 (a);20100101;20151231;300070;PREMIUM AEROTEC GERMANY;N/A;N/A;80
0000388;E/2003/111 - ANNEX A5 (a);20100101;20151231;55741;EADS-CASA, S.A.;N/A;N/A;80
0000389;E/2003/111 - ANNEX A5 (a);20100101;20151231;300016;EADS GERMANY;N/A;N/A;80
0000391;E/2003/111 - ANNEX A5 (a);20100101;20151231;300054;MBDA;N/A;N/A;80
0000390;E/2003/111 - ANNEX A5 (a);20100101;20151231;334007;SOGERMA;N/A;N/A;80
0000392;E/2003/111 - ANNEX A5 (a);20100101;20151231;331080;EUROCOPTER FRANCE;N/A;N/A;80
0000393;E/2003/111 - ANNEX A5 (a);20100101;20151231;300017;EUROCOPTER GERMANY;N/A;N/A;80
0000394;E/2003/111 - ANNEX A5 (a);20100101;20151231;56301;EUROCOPTER ESPANA;N/A;N/A;80
0000395;CONTRAT TECHSPACE AUTRE 2010;20100101;20101231;331056;TECHSPACE;N/A;N/A;80
0000396;E/2003/111 - ANNEX A5 (a);20100101;20151231;332007;EADS FRANCE;N/A;N/A;80
0000400;SPECTECH/TECHSPACE;20090101;20101231;05229;SPECTECH FRANCE;N/A;N/A;80
0000397;EADS METRIC - SOCATA;20061201;20111231;08320;SOCATA SAS;N/A;N/A;80
0000398;E/2003/111 - ANNEX A & A1;20091201;20111231;08320;SOCATA SAS;N/A;N/A;80
0000399;CONTRAT SNECMA VERNON 2010-13;20100101;20131231;08040;SNECMA MOTEURS/DMF VERNON;N/A;N/A;20
0000401;AQ/APR/007/2009;20090325;20121231;300053;AERMACCHI;N/A;N/A;80
0000402;AQ-APR-007-2009 (2);20090325;20121231;300053;AERMACCHI;N/A;N/A;80
0000403;MOU 2008-2010;20080826;20101231;56165;RUAG AEROSPACE STRUCTURES;N/A;N/A;80
0000404;ACMN-AMS-09-0009;20100101;20111231;200004;ALENIA;N/A;N/A;80
0000405;ACMN-AMS-09-0010;20100101;20121231;200004;ALENIA;N/A;N/A;80
0000406;PRICE LIST BOYSEN;20100101;20101231;55463;BOYSEN GMBH & CO.KG;N/A;N/A;80
0000407;Contract MTU 2008-2010;20071126;20101231;56835;MTU AERO ENGINES GMBH;N/A;N/A;80
0000408;PATTONAIR TURBOMECA 2010-2014;20100101;20141231;05143;PATTONAIR TAVERNY;N/A;N/A;20
0000409;BOEING CONTRACT TOR;20100101;20111231;60138;BOEING - BCA _SEATTLE;N/A;N/A;80
0000410;E/2003/111 - ANNEX A & A1;20091201;20151231;55198;PREMIUM AEROTEC GMBH - BREMEN;N/A;N/A;80
0000411;E/2003/111 OVERSIZE AIRBUS FR (REPEATER);20060201;20151231;331007;AIRBUS FRANCE;N/A;N/A;80
0000412;BCA - COI BURN THROUGH;20100101;20111231;334018;BCA;N/A;N/A;80
0000413;BCA - COI WASHERS;20100101;20111231;334018;BCA;N/A;N/A;80
0000414;BCA - COI CLIP NUTS;20100101;20111231;334018;BCA;N/A;N/A;80
0000415;BCA - COI QUARTER TURNS;20100101;20111231;334018;BCA;N/A;N/A;80
0000416;BCA - COI STANDOFFS;20100101;20111231;334018;BCA;N/A;N/A;80
0000417;E/2003/111 - ANNEX A13;20100101;20151231;331007;AIRBUS FRANCE;N/A;N/A;80
0000418;BOMBARDIER PINS for RUAG;20100209;20110926;300074;RUAG;N/A;N/A;80
0000419;TURBOMECA DIRECT 2010-2014;20100101;20141231;09000;TURBOMECA;N/A;N/A;20
0000420;5500000381;20100326;20101231;06531;AIRCELLE;N/A;N/A;80
0000421;5500000381;20100326;20141231;06531;AIRCELLE;N/A;N/A;80
0000422;E/2003/111 - ANNEX A & A1;20091201;20151231;56845;EADS MAROC AVIATION;N/A;N/A;80
0000423;E/2003/111 - ANNEX A & A1;20091201;20151231;300016;EADS GERMANY;N/A;N/A;80
0000424;E/2003/111 - ANNEX A & A1;20091201;20151231;334007;SOGERMA;N/A;N/A;80
0000425;E/2003/111 - ANNEX A & A1;20091201;20151231;300054;MBDA;N/A;N/A;80
0000426;E/2003/111 - ANNEX A & A1;20091201;20151231;300070;PREMIUM AEROTEC GERMANY;N/A;N/A;80
0000427;E/2003/111 _ ANNEXE A1 (a) _ RFP3;20090212;20151231;56845;EADS MAROC AVIATION;N/A;N/A;80
0000428;E/2003/111 _ ANNEXE A1 (a) _ RFP3;20090212;20151231;300016;EADS GERMANY;N/A;N/A;80
0000429;E/2003/111 _ ANNEXE A1 (a) _ RFP3;20090212;20151231;334007;SOGERMA;N/A;N/A;80
0000430;E/2003/111 _ ANNEXE A1 (a) _ RFP3;20090212;20151231;300054;MBDA;N/A;N/A;80
0000431;E/2003/111 _ ANNEXE A1 (a) _ RFP3;20090212;20151231;300070;PREMIUM AEROTEC GERMANY;N/A;N/A;80
0000432;OVERSIZE RUNNER;20100415;20151231;331007;AIRBUS FRANCE;N/A;N/A;80
0000433;E/2003/111 OVERSIZE AIRBUS FR (REPEATER);20060201;20151231;331007;AIRBUS FRANCE;N/A;N/A;80
0000434;E/2003/111 - ANNEX A12 -  GKN OVSZ;20090101;20151231;05410;GKN AEROSPACE SERVICES LTD (OVZ);N/A;N/A;80
0000437;NUTS & SCREWS (AFS & LINREAD);20100101;20141231;57301;PRATT & WHITNEY 01 A CORP;N/A;N/A;80
0000435;BOMBARDIER_LISI_2015 [AMDT #4]_5Y;20100401;20151231;200006;BOMBARDIER;N/A;N/A;20
0000436;EMBRAER - SUP0310-06 (2 digits);20100413;20110731;331064;EMBRAER;N/A;N/A;80
0000439;BDS_2011 [BLB Contract_4001G];20100101;20121231;60141;BOEING - BDS_LONG BEACH;N/A;N/A;80
0000438;E/2003/111 - ANNEX A11;20100101;20121231;56451;AIRCRAFT DIVISION HAL;N/A;N/A;80
0000440;FOKKER_LISI_2012 [BLB_4001G]_3Y;20100101;20121231;56704;FOKKER AEROSTRUCTURES B.V;N/A;N/A;80
0000441;CONTRAT DASSAULT 2010-2012 (NOUV. REFS);20100701;20131231;331006;DASSAULT;N/A;N/A;80
0000442;LISI PATTONAIR ANNEX 1;20100701;20121231;57294;PATTONAIR SRL;N/A;N/A;80
0000443;CHINESE DRAWING PARTS (PRICE LIST);20100701;20121231;55753;CATIC;N/A;N/A;80
0000444;CHINESE DRAWING PARTS (PRICE LIST);20100701;20121231;331080;EUROCOPTER FRANCE;N/A;N/A;80
0000445;E/2003/111 - ANNEX A (A350);20100101;20151231;100003;EADS;N/A;N/A;20
0000447;E/2003/111 - ANNEX A2 (AU);20100819;20151231;331028;AIRBUS UK;N/A;N/A;80
0000446;E/2003/111 - ANNEX A12 - SPIRIT;20100812;20151231;50112;SPIRIT AEROSYSTEMS (EUROPE) LTD.;N/A;N/A;80
0000448;EMBRAER-SUP0310-06;20080901;20110209;05496;ALESTIS AEROSPACE AEROPOLIS;N/A;N/A;80
0000449;SPECTECH FOURNITURE MICROTURBO;20100101;20141231;05229;SPECTECH FRANCE;N/A;N/A;20
0000452;KAL/MURAKAMI DMI CONTRACT;20100826;20131231;05504;MURAKAMI AMERICA, INC FOR KAL;N/A;N/A;80
0000454;ACMN-AMS-09-0009 (USD REF.);20100101;20111231;200004;ALENIA;N/A;N/A;80
0000453;MTU 2011-2015;20100916;20151231;56835;MTU AERO ENGINES GMBH;N/A;N/A;80
0000455;ACMN-AMS-09-0010 (USD REFS);20100101;20121231;200004;ALENIA;N/A;N/A;80
0000456;SPIRIT_COI_2013 [Clip Nut & Stud]_3Y+1;20100101;20131231;57912;SPIRIT AEROSYSTEMS INC;N/A;N/A;20
0000457;SPIRIT_COI_2014 [BACW10CA Washer]_5Y;20100101;20141231;57912;SPIRIT AEROSYSTEMS INC;N/A;N/A;20
0000464;BOMBARDIER CONTRACT;20100101;20151231;200006;BOMBARDIER;N/A;N/A;80
0000458;SPIRIT_COI_2014 [Standoffs]_5Y;20100101;20141231;57912;SPIRIT AEROSYSTEMS INC;N/A;N/A;20
0000460;MOA ANNEX 2 (2009-12);20090101;20121231;300045;SATAIR France;N/A;N/A;80
0000462;PATTONAIR AWARD;20101025;20161231;300057;PATTONAIR UK;N/A;N/A;80
0000461;WESCO_COI_2012_3Y;20100308;20121231;59123;WESCO AIRCRAFT HARDWARE C;N/A;N/A;80
0000459;Annex A2_EADS SOGERMA;20100901;20151231;334007;SOGERMA;N/A;N/A;80
0000463;ARLINGTON LTA (Bombardier);20100101;20111231;60109;AIAP - ARLINGTON INT'L AVIATION;N/A;N/A;80
0000466;INTERFAST CANADA - COI;20090511;20111231;56626;INTERFAST CANADA;N/A;N/A;80
0000465;MURAKAMI_LNA_2013_for KAI_3Y;20110101;20131231;05528;MURAKAMI AMERICA, INC FOR KAI;N/A;N/A;20
0000477;LOCKHEED_COI_2016 [JSF LTA]_4+2Y;20110101;20160131;60508;LOCKHEED MARTIN CORP;N/A;N/A;20
0000467;LOCKHEED_COI_2015_5Y;20100330;20150330;60508;LOCKHEED MARTIN CORP;N/A;N/A;20
0000468;CENTRA INDUSTRIES INC - COI;20090418;20110414;60464;CENTRA INDUSTRIES INC;N/A;N/A;80
0000478;CLICK BOND_COI_2014 [JSF LTA];20110101;20141231;60467;CLICK BOND, INC.;N/A;N/A;80
0000471;ARLINGTON_COI_2013 [Bombardier]_4Y;20100101;20130630;334025;ARLINGTON;N/A;N/A;20
0000474;Square D Verbal Pricing - COI;20090101;20101231;60550;SQUARE D COMPANY;N/A;N/A;80
0000472;E/2003/111 - ANNEX A350 (ASTER);20100910;20151231;100003;EADS;N/A;N/A;20
0000473;CLICK BOND - COI;20090628;20101231;60467;CLICK BOND, INC.;N/A;N/A;80
0000475;Square D Verbal Pricing - COI;20090101;20101231;60597;SCHNEIDER CANADA INC;N/A;N/A;80
0000476;Square D Verbal Pricing - COI;20090101;20101231;60644;SCHNEIDER ELECTRIC;N/A;N/A;80
0000469;ADEPT_COI_2013 [Spacer LTA]_3Y;20100407;20130407;55169;ADEPT FASTENERS;N/A;N/A;80
0000470;ADEPT_COI _2012 [Swing Bolt LTA]_3Y;20091015;20121015;55169;ADEPT FASTENERS;N/A;N/A;80
0000479;MURAKAMI_LNA_2012_SHINMAYWA_3Y;20090930;20120830;60296;MURAKAMI AMERICA;N/A;N/A;80
0000480;SPIRIT LTA LIGHT NUT;20090101;20101231;57912;SPIRIT AEROSYSTEMS INC;N/A;N/A;80
0000481;PRICE LIST 2010;20101129;20151231;00533;ALIGN AEROSPACE FRANCE;N/A;N/A;20
0000482;AIP USD APPENDIX;20101019;20110526;300005;ALA;N/A;N/A;80
0000483;MASTER N°139924;20071016;20111231;58411;TAI - TURKISH AERO INDUSTRIES INC;N/A;N/A;80
0000490;SPECTECH/TECHSPACE;20090101;20121231;05229;SPECTECH FRANCE;N/A;N/A;80
0000485;BCA - Titanium Bolts - 672359;20100101;20111231;60138;BOEING - BCA _SEATTLE;N/A;N/A;80
0000486;BCA - Lockbolts & Collars - 672360;20100101;20111231;60138;BOEING - BCA _SEATTLE;N/A;N/A;80
0000487;BCA - Collars - 672362;20100101;20111231;60138;BOEING - BCA _SEATTLE;N/A;N/A;80
0000489;BCA - INCO Hi-lok / Tique Bolts - 672365;20100101;20111231;60138;BOEING - BCA _SEATTLE;N/A;N/A;80
0000488;BCA - 787 Fasteners - 672363;20100101;20111231;60138;BOEING - BCA _SEATTLE;N/A;N/A;80
0000484;MHI 2011 -PIN / COL / COI / LAC;20101201;20111231;05537;MITSUBISHI HEAVY INDUSTRIES, LTD;N/A;N/A;80
0000491;LATECOERE (ANNEXE B) _ N° 4600000745 ($);20080701;20151231;300028;LATECOERE;N/A;N/A;80
0000492;AIRCELLE - 5500000381;20100323;20141231;06531;AIRCELLE;N/A;N/A;20
0000493;E/2003/111 OVERSIZE AIRBUS FR (RUNNER);20110101;20151231;331007;AIRBUS FRANCE;N/A;N/A;80
0000495;E/2003/111 OVERSIZE AIRBUS UK (RUNNER);20110101;20151231;331028;AIRBUS UK;N/A;N/A;80
0000494;E/2003/111 OVERSIZE AIRBUS UK (REPEATER);20110101;20151231;331028;AIRBUS UK;N/A;N/A;80
0000496;E/2003/111 OVERSIZE AIRBUS FR (REPEATER);20110101;20151231;331007;AIRBUS FRANCE;N/A;N/A;80
0000497;E/2003/111 - ANNEX A13;20110101;20151231;331007;AIRBUS FRANCE;N/A;N/A;80
0000498;E/2003/111 - ANNEX A6;20110101;20151231;331007;AIRBUS FRANCE;N/A;N/A;80
0000499;E/2003/111 - ANNEX A6;20110101;20151231;55852;GKN AEROSPACE SERVICES LTD;N/A;N/A;80
0000500;E/2003/111 - AANEX A12 (REPEATER);20110101;20151231;05410;GKN AEROSPACE SERVICES LTD (OVZ);N/A;N/A;80
0000501;E/2003/111 - ANNEX A5 (DRAWING PARTS);20110101;20151231;331080;EUROCOPTER FRANCE;N/A;N/A;80
0000502;E/2003/111 - ANNEX A5 (DRAWING PARTS);20110101;20151231;300017;EUROCOPTER GERMANY;N/A;N/A;80
0000503;E/2003/111 - ANNEX A5 (DRAWING PARTS);20110101;20151231;56301;EUROCOPTER ESPANA;N/A;N/A;80
0000504;E/2003/111 - ANNEX A8 (LASSO);20110101;20151231;331080;EUROCOPTER FRANCE;N/A;N/A;20
0000505;E/2003/111 - ANNEX A2;20110101;20151231;331027;AIRBUS GERMANY;N/A;N/A;80
0000506;E/2003/111 - ANNEX A2;20110101;20151231;08681;EADS SOGERMA;N/A;N/A;80
0000508;E/2003/111 - ANNEX A;20110101;20111231;08320;SOCATA SAS;N/A;N/A;80
0000507;E/2003/111 - ANNEX A (XPL);20110101;20151231;100003;EADS;N/A;N/A;80
0000509;E/2003/111 - ANNEX A9;20110101;20151231;331080;EUROCOPTER FRANCE;N/A;N/A;80
0000510;E/2003/111 - ANNEX A9;20110101;20151231;300017;EUROCOPTER GERMANY;N/A;N/A;80
0000511;E/2003/111 - ANNEX A9;20110101;20151231;56301;EUROCOPTER ESPANA;N/A;N/A;80
0000512;E/2003/111 - ANNEX A;20110101;20151231;331007;AIRBUS FRANCE;N/A;N/A;80
0000513;E/2003/111 - ANNEX A;20110101;20151231;331028;AIRBUS UK;N/A;N/A;80
0000514;E/2003/111 - ANNEX A;20110101;20151231;331027;AIRBUS GERMANY;N/A;N/A;80
0000515;E/2003/111 - ANNEX A;20110101;20151231;55165;PREMIUM AEROTEC GMBH VAREL;N/A;N/A;80
0000516;E/2003/111 - ANNEX A;20110101;20151231;55166;PREMIUM AEROTEC GMBH NORDENHAM;N/A;N/A;80
0000517;E/2003/111 - ANNEX A;20110101;20151231;55198;PREMIUM AEROTEC GMBH - BREMEN;N/A;N/A;80
0000518;E/2003/111 - ANNEX A;20110101;20151231;331041;AIRBUS SPAIN;N/A;N/A;80
0000519;E/2003/111 - ANNEX A;20110101;20151231;332041;EADS SPAIN;N/A;N/A;80
0000520;E/2003/111 - ANNEX A;20110101;20151231;56845;EADS MAROC AVIATION;N/A;N/A;80
0000521;E/2003/111 - ANNEX A;20110101;20151231;300016;EADS GERMANY;N/A;N/A;80
0000522;E/2003/111 - ANNEX A;20110101;20151231;334007;SOGERMA;N/A;N/A;80
0000523;E/2003/111 - ANNEX A;20110101;20151231;300054;MBDA;N/A;N/A;80
0000524;E/2003/111 - ANNEX A;20110101;20151231;55152;PREMIUM AEROTEC GMBH AUGSBURG;N/A;N/A;80
0000525;E/2003/111 - ANNEX A5;20110101;20151231;331080;EUROCOPTER FRANCE;N/A;N/A;80
0000526;E/2003/111 - ANNEX A5;20110101;20151231;300017;EUROCOPTER GERMANY;N/A;N/A;80
0000527;E/2003/111 - ANNEX A5;20110101;20151231;56301;EUROCOPTER ESPANA;N/A;N/A;80
0000528;E/2003/111 - ANNEX A5;20110101;20151231;334007;SOGERMA;N/A;N/A;80
0000529;E/2003/111 - ANNEX A5;20110101;20151231;300070;PREMIUM AEROTEC GERMANY;N/A;N/A;80
0000530;E/2003/111 - ANNEX A5;20110101;20151231;332041;EADS SPAIN;N/A;N/A;80
0000531;E/2003/111 - ANNEX A5;20110101;20151231;300016;EADS GERMANY;N/A;N/A;80
0000532;E/2003/111 - ANNEX A5;20110101;20151231;300054;MBDA;N/A;N/A;80
0000533;E/2003/111 - ANNEX A5(a);20110101;20151231;331080;EUROCOPTER FRANCE;N/A;N/A;80
0000534;E/2003/111 - ANNEX A5(a);20110101;20151231;300017;EUROCOPTER GERMANY;N/A;N/A;80
0000535;E/2003/111 - ANNEX A5(a);20110101;20151231;56301;EUROCOPTER ESPANA;N/A;N/A;80
0000536;E/2003/111 - ANNEX A5(a);20110101;20151231;334007;SOGERMA;N/A;N/A;80
0000537;E/2003/111 - ANNEX A5(a);20110101;20151231;300070;PREMIUM AEROTEC GERMANY;N/A;N/A;80
0000538;E/2003/111 - ANNEX A5(a);20110101;20151231;332041;EADS SPAIN;N/A;N/A;80
0000539;E/2003/111 - ANNEX A5(a);20110101;20151231;300016;EADS GERMANY;N/A;N/A;80
0000540;E/2003/111 - ANNEX A5(a);20110101;20151231;332007;EADS FRANCE;N/A;N/A;80
0000541;E/2003/111 - ANNEX A5(a);20110101;20151231;300054;MBDA;N/A;N/A;80
0000542;PWA 2011;20110101;20131231;57313;PRATT & WHITNEY USA;N/A;N/A;20
0000543;E/2003/111 - ANNEX A11;20110101;20151231;55852;GKN AEROSPACE SERVICES LTD;N/A;N/A;80
0000544;WESCO_TOR_2012_3Y;20090925;20121231;59123;WESCO AIRCRAFT HARDWARE C;N/A;N/A;80
0000545;E/2003/111 - ANNEX A;20110101;20151231;331007;AIRBUS FRANCE;N/A;N/A;80
0000547;E/2003/111 - ANNEX A;20110101;20151231;331027;AIRBUS GERMANY;N/A;N/A;80
0000546;E/2003/111 - ANNEX A;20110101;20151231;331028;AIRBUS UK;N/A;N/A;80
0000548;E/2003/111 - ANNEX A;20110101;20151231;55165;PREMIUM AEROTEC GMBH VAREL;N/A;N/A;80
0000549;E/2003/111 - ANNEX A;20110101;20151231;55166;PREMIUM AEROTEC GMBH NORDENHAM;N/A;N/A;80
0000551;MURAKAMI_LNA_2013_DMI for KAL_4Y;20100409;20131231;05504;MURAKAMI AMERICA, INC FOR KAL;N/A;N/A;20
0000550;E/2003/111 - ANNEX A;20110101;20151231;55198;PREMIUM AEROTEC GMBH - BREMEN;N/A;N/A;80
0000552;SPIRIT_TOR_2015 [Collar Package]_5Y;20110101;20151231;57912;SPIRIT AEROSYSTEMS INC;N/A;N/A;20
0000553;BDS_TOR_2014 [OVS Pins_10R249]_3Y;20110301;20140228;60141;BOEING - BDS_LONG BEACH;N/A;N/A;20
0000554;BOMBARDIER MIN MAX 2011;20110101;20111231;200006;BOMBARDIER;N/A;N/A;80
0000555;MURAKAMI_LNA_2013_for FHI_3Y;20110101;20131231;60296;MURAKAMI AMERICA;N/A;N/A;20
0000557;TECHSPACE AUTRES REFS;20110101;20151231;331056;TECHSPACE;N/A;N/A;20
0000556;TRIUMPH_LISI_2011 [BLB Contract_4001G];20100101;20121231;60383;TRIUMPH GROUP, INC;N/A;N/A;80
0000558;E/2003/111 - ANNEX A11;20110316;20151231;56165;RUAG AEROSPACE STRUCTURES;N/A;N/A;80
0000559;INTERFAST_COI_2013 [Monadlock]_3Y;20110101;20131231;334037;WESCO US;N/A;N/A;20
0000560;ADEPT_TOR_2013_3Y;20110323;20131231;55169;ADEPT FASTENERS;N/A;N/A;20
0000561;KHI_LNA_2015_5Y;20110331;20151231;55817;KAWASAKI HEAVY INDUSTRIES LTD;N/A;N/A;20
0000562;MASTER CONTRACT 2011-2013;20110101;20131231;200004;ALENIA;N/A;N/A;20
0000450;BOMBARDIER MIN MAX 2010;20100101;20101231;200006;BOMBARDIER;N/A;N/A;80
0000563;MASTER CONTRACT 2011-2013;20110101;20131231;200004;ALENIA;N/A;N/A;20
0000451;BOMBARDIER MIN MAX 2007-2009;20070101;20091231;200006;BOMBARDIER;N/A;N/A;80
0000564;2011 PRICING AGREEMENT;20110405;20131231;55348;AVIALL;N/A;N/A;20
0000565;PWC NUTS AND BOLTS;20110401;20141231;57301;PRATT & WHITNEY 01 A CORP;N/A;N/A;20
0000566;PATTONAIR AWARD EUR;20110101;20161231;300057;PATTONAIR UK;N/A;N/A;20
0000567;Square D Verbal Pricing - COI;20110101;20111231;60550;SQUARE D COMPANY;N/A;N/A;80
0000568;Square D Verbal Pricing - COI;20110101;20111231;60597;SCHNEIDER CANADA INC;N/A;N/A;80
0000569;Square D Verbal Pricing - COI;20110101;20111231;60644;SCHNEIDER ELECTRIC;N/A;N/A;80
0000570;ADEPT_VDR_2013 [Verbal agreement]_3Y;20110303;20131231;55169;ADEPT FASTENERS;N/A;N/A;20
0000571;E/2003/111 - ANNEX A11;20110401;20121231;55738;AVIC INTERNATIONAL HOLDING CORP.;N/A;N/A;80
0000572;AIM_COI_2014_3Y;20110429;20141231;60410;AIM AEROSPACE;N/A;N/A;20
0000573;E/2003/111 - ANNEX A11;20101102;20151231;50112;SPIRIT AEROSYSTEMS (EUROPE) LTD.;N/A;N/A;80
0000574;GE CONTRACT 2011;20110101;20131231;57149;CORBUS;N/A;N/A;20
0000575;E/2003/111 - ANNEXE A2;20110531;20151231;331041;AIRBUS SPAIN;N/A;N/A;80
0000576;AIRCRAFT_COI_2012 [SwingBolt_Verbal]_2Y;20110607;20121231;60419;AIRCRAFT FASTENERS INT'L;N/A;N/A;80
0000577;BCA - INCO Hi-lok / Tique Bolts - 672365;20100101;20111231;60157;BOEING - BCA_WINNIPEG;N/A;N/A;80
0000578;BDS_TOR_2014 [LockBolts_11R014]_3Y;20110301;20140228;334020;BDS;N/A;N/A;20
0000579;MURAKAMI_LNA_2013_for NIPPI_3Y;20110201;20131231;60296;MURAKAMI AMERICA;N/A;N/A;20
0000580;E/2003/111 - ANNEX A (A350) (2);20110601;20151231;100003;EADS;N/A;N/A;20
0000581;E/2003/111 - ANNEX A2 (NEW AF);20110719;20151231;331007;AIRBUS FRANCE;N/A;N/A;80
0000584;CONTRAT DE FOURNITURE MICROTURBO LISI;20110725;20141231;07080;MICROTURBO;N/A;N/A;20
0000583;PATTONAIR AWARD USD;20110101;20201231;300057;PATTONAIR UK;N/A;N/A;80
0000585;INTERFAST_COI_2015_Boeing Winnipeg_4Y;20110725;20151231;334037;WESCO US;N/A;N/A;20
0000586;E/2003/111 - ANNEX A (A350) (3);20110101;20151231;100003;EADS;N/A;N/A;20
0000587;BDS 4PL (BE)_2014 [#10R234];20110728;20141231;60725;BOEING - BDS C/O BE;N/A;N/A;80
0000588;BDS 4PL (UFC)_2014 [#10R234];20110728;20141231;60726;BOEING - BDS C/O UFC;N/A;N/A;80
0000590;EMBRAER - SUP0310-06;20110701;20151231;55176;AERNNOVA AEROSPACE S.A;N/A;N/A;20
0000589;EMBRAER - SUP0310-06;20110701;20151231;331064;EMBRAER;N/A;N/A;20
0000591;EMBRAER - SUP0310-06;20110701;20151231;56406;AERNNOVA AEROSPACE S.A;N/A;N/A;20
0000592;EMBRAER - SUP0310-06;20110701;20151231;57904;ALESTIS AEROSPACE MANUFACTURING S.L;N/A;N/A;20
0000593;EMBRAER - SUP0310-06;20110701;20151231;55817;KAWASAKI HEAVY INDUSTRIES LTD;N/A;N/A;20
0000594;EMBRAER - SUP0310-06;20110701;20151231;06760;LATECOERE;N/A;N/A;80
0000595;EMBRAER - SUP0310-06;20110701;20151231;56230;SONACA;N/A;N/A;20
0000596;E/2003/111 - ANNEX A (A350) - RSP;20110701;20151231;05496;ALESTIS AEROSPACE AEROPOLIS;N/A;N/A;20
0000597;E/2003/111 - ANNEX A (A350) - RSP;20110701;20151231;05585;ACITURRI COMPOSITES;N/A;N/A;20
0000598;E/2003/111 - ANNEX A (A350) - RSP;20110701;20151231;05549;ACITURRI COMPOSITES;N/A;N/A;20
0000599;E/2003/111 - ANNEX A (A350) - RSP;20110701;20151231;55767;ACITURRI METALLIC PARTS, S.L.U.;N/A;N/A;20
0000600;E/2003/111 - ANNEX A (A350) - RSP;20110701;20151231;200048;AERNNOVA;N/A;N/A;20
0000601;E/2003/111 - ANNEX A (A350) - RSP;20110701;20151231;57904;ALESTIS AEROSPACE MANUFACTURING S.L;N/A;N/A;20
0000602;E/2003/111 - ANNEX A (A350) - RSP;20110701;20151231;05505;ALESTIS AEROSPACE S.L;N/A;N/A;20
0000603;E/2003/111 - ANNEX A (A350) - RSP;20110701;20151231;56213;DIEHL AIR CABIN GMBH;N/A;N/A;20
0000604;E/2003/111 - ANNEX A (A350) - RSP;20110701;20151231;06357;FIGEAC AERO;N/A;N/A;20
0000605;E/2003/111 - ANNEX A (A350) - RSP;20110701;20151231;56629;KOREA AEROSPACE INDUSTRIES LTD;N/A;N/A;80
0000606;E/2003/111 - ANNEX A (A350) - RSP;20110701;20151231;06760;LATECOERE;N/A;N/A;20
0000607;E/2003/111 - ANNEX A (A350) - RSP;20110701;20151231;300044;SABCA;N/A;N/A;20
0000608;E/2003/111 - ANNEX A (A350) - RSP;20110701;20151231;55177;MAGELLAN;N/A;N/A;20
0000609;E/2003/111 - ANNEX A (A350) - RSP;20110701;20151231;56244;FISCHER ADVANCED COMPOSITE;N/A;N/A;20
0000610;E/2003/111 - ANNEX A (A350) - RSP;20110701;20151231;56699;FISCHER ADVANCED COMPOSITE;N/A;N/A;20
0000612;ANNEXE 7 MOA;20110809;20121231;00357;B/E AEROSPACE CM  II SAS;N/A;N/A;80
0000611;MOA 2009-2012;20110809;20121231;00357;B/E AEROSPACE CM  II SAS;N/A;N/A;80
0000613;MOA ANNEX 2 (2009-12);20110809;20121231;00357;B/E AEROSPACE CM  II SAS;N/A;N/A;80
0000614;E/2003/111 - ANNEX A2 (LASSO);20110801;20151231;200003;AIRBUS;N/A;N/A;80
0000615;E/2003/111 - ANNEX A (A350) - RSP;20110701;20151231;300071;GKN EUROPE;N/A;N/A;20
0000616;E/2003/111 - ANNEX A (A350) - RSP;20110701;20151231;200027;SPIRIT EU;N/A;N/A;20
0000617;E/2003/111 - ANNEX A (A350) - RSP;20110701;20151231;200042;SPIRIT US;N/A;N/A;80
0000618;E/2003/111 - ANNEX A (A350) - RSP;20110701;20151231;50010;GE AVIATION SYSTEMS LTD;N/A;N/A;20
0000619;BDS_2016_[Agreement #10R234]_3+2Y;20110728;20161231;334020;BDS;N/A;N/A;20
0000620;E/2003/111 - ANNEX A (A350) - RSP;20110701;20151231;06229;MAZ'AIR;N/A;N/A;20
0000504;E/2003/111 - ANNEX A8 (LASSO);20110101;20151231;30001;RVI;N/A;N/A;80
0000621;B/E AERO_LISI_2014_3Y;20110701;20141231;60173;B/E AEROSPACE CONSUMABLES MANAGEMENT;N/A;N/A;20
0000622;E/2003/111 - ANNEX A8 (LASSO) - GERMANY;20110101;20151231;300017;EUROCOPTER GERMANY;N/A;N/A;20
0000623;LATECOERE ANNEXE A _ N°4600000744 (€);20110901;20151231;300028;LATECOERE;N/A;N/A;20
0000624;BDS ST LOUIS_2012 [BLB_4001G]_3Y;20100101;20121231;60143;BOEING - BDS_ST LOUIS;N/A;N/A;80
0000625;MHI_LNA_2012_for Boeing & Bombardier_3Y;20100301;20121231;60174;MITSUBISHI HEAVY INDUSTRIES AMERICA;N/A;N/A;80
0000626;TRIUMPH_BOMBARDIER MIN MAX 2011;20110101;20111231;60383;TRIUMPH GROUP, INC;N/A;N/A;80
0000627;FOKKER_LISI_2016 [BDS #10R234]_5Y;20110728;20161231;56704;FOKKER AEROSTRUCTURES B.V;N/A;N/A;20
0000628;INTERCOASTAL_COI_2014_3Y;20111028;20141028;60605;INTERCOASTAL INC;N/A;N/A;20
0000630;E/2003/111 - ANNEX A11;20111101;20121231;05585;ACITURRI COMPOSITES;N/A;N/A;80
0000629;Gentleman agreement PWC business;20090101;20111231;60729;ALIGN AEROSPACE (PWC);N/A;N/A;80
0000631;E/2003/111 - ANNEX A11;20111101;20121231;05549;ACITURRI COMPOSITES;N/A;N/A;80
0000632;E/2003/111 - ANNEX A11;20111101;20121231;55767;ACITURRI METALLIC PARTS, S.L.U.;N/A;N/A;80
0000633;ADEPT_LISI_2014_3Y;20111001;20141231;55169;ADEPT FASTENERS;N/A;N/A;20
0000635;PATTONAIR AWARD USD;20110101;20201231;300057;PATTONAIR UK;N/A;N/A;20
0000634;BCA_LISI_2012-2021 [Bucket A]_10Y;20111118;20121231;334018;BCA;N/A;N/A;80
0000636;SHORTS MIN MAX 2010;20100101;20101231;58080;SHORT BROTHERS PLC;N/A;N/A;80
0000637;WESCO_LISI_2014_3Y;20111001;20141231;334037;WESCO US;N/A;N/A;20
0000639;TRANSFERT DOUILLES ET GOUJONS BAI>LIA;20111201;20141231;300042;S/T SNECMA;N/A;N/A;80
0000638;TRANSFERT DOUILLES ET GOUJONS BAI>LIA;20111201;20141231;06221;FAMAT;N/A;N/A;80
0000640;TRANSFERT DOUILLES ET GOUJONS BAI>LIA;20111201;20141231;331037;SNECMA;N/A;N/A;20
0000641;TRANSFERT DOUILLES ET GOUJONS BAI>LIA;20111201;20141231;331011;SNECMA SERVICE;N/A;N/A;20
0000642;TRANSFERT DOUILLES ET GOUJONS BAI>LIA;20111201;20141231;331016;HISPANO SUIZA;N/A;N/A;80
0000647;E/2003/111 - ANNEX A9;20110101;20151231;331080;EUROCOPTER FRANCE;N/A;N/A;80
0000644;MTU 2011-2015;20111213;20151231;56835;MTU AERO ENGINES GMBH;N/A;N/A;80
0000646;BOMBARDIER_MIN MAX 2015 [C5183-MIS]_5Y;20110101;20151231;200006;BOMBARDIER;N/A;N/A;20
0000645;SQUARE D_COI_2013 [Verbal Pricing]_2Y;20120101;20131231;60644;SCHNEIDER ELECTRIC;N/A;N/A;20
0000648;ACMN-AMS-11-0058;20120101;20141231;200004;ALENIA;N/A;N/A;20
0000649;BOEING PACKAGE (USD);20120101;20141231;332041;EADS SPAIN;N/A;N/A;20
0000650;E/2003/111 - ANNEX A9;20110101;20151231;300017;EUROCOPTER GERMANY;N/A;N/A;80
0000651;E/2003/111 - ANNEX A9;20110101;20151231;56301;EUROCOPTER ESPANA;N/A;N/A;80
0000652;MTU 2012-2015 (AMENDMENT N°1);20120101;20151231;56825;LIEBHERR ELECTRONIK;N/A;N/A;80
0000653;CHINESE DRAWING PARTS (PRICE LIST);20100701;20121231;55738;AVIC INTERNATIONAL HOLDING CORP.;N/A;N/A;80
0000654;LATECOERE ANNEXE C _ N°4600000744 (€);20110901;20151231;300028;LATECOERE;N/A;N/A;80
0000655;CLICK BOND for LOCKHEED_COI_2015_4Y;20120131;20151231;60467;CLICK BOND, INC.;N/A;N/A;20
0000656;ECS_COI_2012 [Swing bolts LTA]_1Y;20120223;20121231;60632;ELECTRONIC CABLE SPECIALISTS, INC;N/A;N/A;80
0000658;E/2003/111 - ANNEX A18;20120305;20151231;331007;AIRBUS FRANCE;N/A;N/A;80
0000659;E/2003/111 - ANNEX A18;20120301;20151231;331027;AIRBUS GERMANY;N/A;N/A;80
0000665;E/2003/111 - ANNEX A (A350) - RSP;20100101;20151231;200042;SPIRIT US;N/A;N/A;20
0000666;BLUE SKY_LISI_2014_3Y;20111001;20141231;50364;BLUE SKY INDUSTRIES, INC;N/A;N/A;20
0000657;E/2003/111 - ANNEX A18;20120301;20151231;331028;AIRBUS UK;N/A;N/A;80
0000661;E/2003/111 - ANNEX A2;20110101;20151231;55741;EADS-CASA, S.A.;N/A;N/A;80
0000667;INTERFAST_COI_2015_ARNPRIOR_4Y;20120101;20151231;56626;INTERFAST CANADA;N/A;N/A;80
0000663;ALA EUR APPENDIX;20110601;20141231;300005;ALA;N/A;N/A;20
0000664;ALA USD APPENDIX;20110601;20141231;300005;ALA;N/A;N/A;20
0000660;E/2003/111 - ANNEX A18;20120301;20151231;331041;AIRBUS SPAIN;N/A;N/A;80
0000669;E/2003/111 - ANNEX A20;20120511;20131231;100003;EADS;N/A;N/A;20
0000668;Preisliste 2012;20120403;20130630;55463;BOYSEN GMBH & CO.KG;N/A;N/A;20
0000670;LTA XAC AND LISI - LOCAL PROGRAM 2012-20;20120525;20151231;55738;AVIC INTERNATIONAL HOLDING CORP.;N/A;N/A;20
0000671;CONTRAT HERAKLES / LISI 2010 A;20091220;20141231;00587;HERAKLES;N/A;N/A;20
0000672;E/2003/111 _ ANNEX A7 (REPEATERS);20120614;20151231;55741;EADS-CASA, S.A.;N/A;N/A;80
0000673;E/2003/111 - ANNEX A18;20120305;20151231;55741;EADS-CASA, S.A.;N/A;N/A;80
0000674;E/2003/111 OVERSIZE REPEATER A350;20120619;20151231;331007;AIRBUS FRANCE;N/A;N/A;20
0000675;E/2003/111 _ ANNEX A7 (REPEATERS);20110101;20151231;331041;AIRBUS SPAIN;N/A;N/A;80
0000676;MURAKAMI_LNA_2013_for A320_2Y;20120101;20131231;05504;MURAKAMI AMERICA, INC FOR KAL;N/A;N/A;20
0000677;E/2003/111 - ANNEX A11;20120613;20151231;05760;CORSE COMPOSITES AERO.;N/A;N/A;80
0000678;LATECOERE ANNEXE B _ N° 4600000744 ($);20120731;20151231;300028;LATECOERE;N/A;N/A;80
0000679;LATECOERE ANNEXE C _ N°4600000744 (€);20120731;20151231;300028;LATECOERE;N/A;N/A;80
0000681;LATECOERE (ANNEXE B) _ N° 4600000745 ($);20080701;20151231;60248;LATECOERE INTERNATIONAL, INC;N/A;N/A;20
0000680;LATECOERE ANNEXE D _ EMBRAER SUP0310-06;20120731;20151231;06760;LATECOERE;N/A;N/A;20
0000682;LATECOERE (ANNEXE B) _ N° 4600000745 ($);20080701;20151231;56824;LETOV LETECKA VYROBA,SIO;N/A;N/A;20
0000683;LATECOERE (ANNEXE B) _ N° 4600000745 ($);20080701;20151231;59019;WESCO AIRCRAFT (UK) LTD.;N/A;N/A;80
0000684;LATECOERE (ANNEXE B) _ N° 4600000745 ($);20080701;20151231;05174;WESCO FRANCE (SERVICE PROVIDER);N/A;N/A;20
0000685;LATECOERE ANNEXE C _ N°4600000744 (€);20110901;20151231;60248;LATECOERE INTERNATIONAL, INC;N/A;N/A;20
0000686;LATECOERE ANNEXE C _ N°4600000744 (€);20110901;20151231;56824;LETOV LETECKA VYROBA,SIO;N/A;N/A;20
0000687;LATECOERE ANNEXE C _ N°4600000744 (€);20110901;20151231;59019;WESCO AIRCRAFT (UK) LTD.;N/A;N/A;80
0000692;MTU 2012-2015 (AMENDMENT N°1);20120101;20151231;56835;MTU AERO ENGINES GMBH;N/A;N/A;80
0000689;LATECOERE ANNEXE B _ N° 4600000744 ($);20120731;20151231;06760;LATECOERE;N/A;N/A;20
0000690;LATECOERE ANNEXE C _ N°4600000744 (€);20120731;20151231;06760;LATECOERE;N/A;N/A;20
0000691;SPIRIT_LISI_2014 [Gulfstream]_2Y;20120801;20141231;57912;SPIRIT AEROSYSTEMS INC;N/A;N/A;20
0000688;LATECOERE ANNEXE C _ N°4600000744 (€);20110901;20151231;05174;WESCO FRANCE (SERVICE PROVIDER);N/A;N/A;20
0000693;LISI ACMN-AMS-12-0088;20121109;20151231;200004;ALENIA;N/A;N/A;20
0000694;GE CONTRACT WITH FTB;20120901;20151231;55780;GENERAL ELECTRIC COMPANY;N/A;N/A;20
0000695;TRANSFERT DOUILLES ET GOUJONS BAI>LIA;20120628;20151231;331056;TECHSPACE;N/A;N/A;20
0000696;ALA EUR APPENDIX 2 (EUR);20121128;20141231;300005;ALA;N/A;N/A;20
0000697;ALA EUR APPENDIX 2 (USD);20121128;20141231;300005;ALA;N/A;N/A;20
0000698;TRANSFERT DOUILLES ET GOUJONS BAI>LIA;20111201;20151231;06221;FAMAT;N/A;N/A;20
0000699;TRANSFERT DOUILLES ET GOUJONS BAI>LIA;20111201;20151231;300042;S/T SNECMA;N/A;N/A;20
0000700;TRANSFERT DOUILLES ET GOUJONS BAI>LIA;20111201;20151231;331016;HISPANO SUIZA;N/A;N/A;20
0000701;GE CONTRACTS WITH FTB;20110901;20151231;55780;GENERAL ELECTRIC COMPANY;N/A;N/A;10
0000702;E/2003/111 - ANNEX A EUR;20130101;20151231;331027;AIRBUS GERMANY;N/A;N/A;20
0000703;E/2003/111 - ANNEX A EUR;20130101;20151231;331007;AIRBUS FRANCE;N/A;N/A;20
0000704;E/2003/111 - ANNEX A EUR;20130101;20151231;331041;AIRBUS SPAIN;N/A;N/A;20
0000705;E/2003/111 - ANNEX A EUR;20130101;20151231;331028;AIRBUS UK;N/A;N/A;20
0000706;E/2003/111 - ANNEX A EUR;20130101;20151231;332041;EADS SPAIN;N/A;N/A;20
0000707;E/2003/111 - ANNEX A EUR;20130101;20151231;56845;EADS MAROC AVIATION;N/A;N/A;20
0000708;E/2003/111 - ANNEX A EUR;20130101;20151231;300016;EADS GERMANY;N/A;N/A;20
0000709;E/2003/111 - ANNEX A EUR;20130101;20151231;334007;SOGERMA;N/A;N/A;20
0000710;E/2003/111 - ANNEX A EUR;20130101;20151231;300070;PREMIUM AEROTEC GERMANY;N/A;N/A;20
0000711;E/2003/111 - ANNEX A USD;20130101;20151231;331007;AIRBUS FRANCE;N/A;N/A;20
0000712;E/2003/111 - ANNEX A USD;20130101;20151231;331027;AIRBUS GERMANY;N/A;N/A;20
0000713;E/2003/111 - ANNEX A USD;20130101;20151231;331028;AIRBUS UK;N/A;N/A;20
0000714;E/2003/111 - ANNEX A USD;20130101;20151231;331041;AIRBUS SPAIN;N/A;N/A;20
0000715;E/2003/111 - ANNEX A USD;20130101;20151231;332041;EADS SPAIN;N/A;N/A;20
0000716;E/2003/111 - ANNEX A USD;20130101;20151231;334007;SOGERMA;N/A;N/A;20
0000717;E/2003/111 - ANNEX A USD;20130101;20151231;300070;PREMIUM AEROTEC GERMANY;N/A;N/A;20
0000718;E/2003/111 - ANNEX A USD;20130101;20151231;300016;EADS GERMANY;N/A;N/A;20
0000719;E/2003/111 - ANNEX A USD;20130101;20151231;56845;EADS MAROC AVIATION;N/A;N/A;20
0000720;E/2003/111 - ANNEX A (MAY BE LOST 2013);20130101;20151231;331007;AIRBUS FRANCE;N/A;N/A;20
0000721;E/2003/111 - ANNEX A (MAY BE LOST 2013);20130101;20151231;331028;AIRBUS UK;N/A;N/A;20
0000722;E/2003/111 - ANNEX A (MAY BE LOST 2013);20130101;20151231;331027;AIRBUS GERMANY;N/A;N/A;20
0000723;E/2003/111 - ANNEX A (MAY BE LOST 2013);20130101;20151231;331041;AIRBUS SPAIN;N/A;N/A;20
0000724;E/2003/111 - ANNEX A (MAY BE LOST 2013);20130101;20151231;332041;EADS SPAIN;N/A;N/A;20
0000725;E/2003/111 - ANNEX A (MAY BE LOST 2013);20130101;20151231;334007;SOGERMA;N/A;N/A;20
0000726;E/2003/111 - ANNEX A (MAY BE LOST 2013);20130101;20151231;300070;PREMIUM AEROTEC GERMANY;N/A;N/A;20
0000727;E/2003/111 - ANNEX A (MAY BE LOST 2013);20130101;20151231;300016;EADS GERMANY;N/A;N/A;20
0000728;E/2003/111 - ANNEX A (MAY BE LOST 2013);20130101;20151231;56845;EADS MAROC AVIATION;N/A;N/A;20
0000789;E/2003/111 - ANNEX A11;20130101;20151231;50112;SPIRIT AEROSYSTEMS (EUROPE) LTD.;N/A;N/A;20
0000790;E/2003/111 - ANNEX A11;20130101;20151231;55852;GKN AEROSPACE SERVICES LTD;N/A;N/A;80
0000791;E/2003/111 - ANNEX A11;20130101;20151231;55738;AVIC INTERNATIONAL HOLDING CORP.;N/A;N/A;80
0000792;E/2003/111 - ANNEX A11;20130101;20151231;05760;CORSE COMPOSITES AERO.;N/A;N/A;20
0000805;920-CONTRAT SAFRAN 2010-2014 EUR;20130109;20141231;331037;SNECMA;N/A;N/A;20
0000734;E/2003/111 - ANNEX A18;20130101;20151231;331007;AIRBUS FRANCE;N/A;N/A;20
0000735;E/2003/111 - ANNEX A18;20130101;20151231;331028;AIRBUS UK;N/A;N/A;20
0000736;E/2003/111 - ANNEX A18;20130101;20151231;331027;AIRBUS GERMANY;N/A;N/A;20
0000737;E/2003/111 - ANNEX A18;20130101;20151231;331041;AIRBUS SPAIN;N/A;N/A;20
0000739;E/2003/111 - ANNEX A19;20130101;20151231;334007;SOGERMA;N/A;N/A;20
0000738;E/2003/111 - ANNEX A18;20130101;20151231;55741;EADS-CASA, S.A.;N/A;N/A;20
0000740;E/2003/111 - ANNEX A19;20130101;20151231;300070;PREMIUM AEROTEC GERMANY;N/A;N/A;20
0000741;E/2003/111 - ANNEX A19;20130101;20151231;300016;EADS GERMANY;N/A;N/A;20
0000742;E/2003/111 - ANNEX A19;20130101;20151231;56845;EADS MAROC AVIATION;N/A;N/A;20
0000743;E/2003/111 - ANNEX A19;20130101;20151231;300054;MBDA;N/A;N/A;20
0000744;E/2003/111 - ANNEX A EUR;20130101;20151231;300054;MBDA;N/A;N/A;20
0000745;E/2003/111 - ANNEX A USD;20130101;20151231;300054;MBDA;N/A;N/A;20
0000746;E/2003/111 OVERSIZE AIRBUS FR (RUNNER);20130101;20151231;331007;AIRBUS FRANCE;N/A;N/A;20
0000747;E/2003/111 OVERSIZE AIRBUS FR (REPEATER);20130101;20151231;331007;AIRBUS FRANCE;N/A;N/A;20
0000748;E/2003/111 OVERSIZE AIRBUS UK (RUNNER);20130101;20151231;331028;AIRBUS UK;N/A;N/A;20
0000749;E/2003/111 OVERSIZE AIRBUS UK (REPEATER);20130101;20151231;331028;AIRBUS UK;N/A;N/A;20
0000750;E/2003/111 - ANNEX A6;20130101;20151231;331007;AIRBUS FRANCE;N/A;N/A;20
0000751;E/2003/111 - ANNEX A6;20130101;20151231;331028;AIRBUS UK;N/A;N/A;20
0000752;E/2003/111 - ANNEX A6;20130101;20151231;331027;AIRBUS GERMANY;N/A;N/A;20
0000753;E/2003/111 - ANNEX A6;20130101;20151231;331041;AIRBUS SPAIN;N/A;N/A;20
0000754;E/2003/111 - ANNEX A6;20130101;20151231;55852;GKN AEROSPACE SERVICES LTD;N/A;N/A;20
0000755;E/2003/111 OVERSIZE AIRBUS FR (REPEATER);20130101;20151231;331041;AIRBUS SPAIN;N/A;N/A;20
0000756;E/2003/111 OVERSIZE AIRBUS FR (REPEATER);20130101;20151231;55741;EADS-CASA, S.A.;N/A;N/A;20
0000757;E/2003/111 - ANNEX A13;20130101;20131231;331007;AIRBUS FRANCE;N/A;N/A;20
0000758;E/2003/111 - ANNEX A13;20130101;20131231;331028;AIRBUS UK;N/A;N/A;20
0000759;E/2003/111 - ANNEX A13;20130101;20131231;331027;AIRBUS GERMANY;N/A;N/A;20
0000760;E/2003/111 - ANNEX A13;20130101;20131231;331041;AIRBUS SPAIN;N/A;N/A;20
0000770;E/2003/111 - ANNEX A (XPL);20130101;20151231;331041;AIRBUS SPAIN;N/A;N/A;20
0000771;E/2003/111 - ANNEX A (XPL);20130101;20151231;332041;EADS SPAIN;N/A;N/A;20
0000761;E/2003/111 - ANNEX A9;20130101;20151231;331080;EUROCOPTER FRANCE;N/A;N/A;20
0000762;E/2003/111 - ANNEX A9;20130101;20151231;300017;EUROCOPTER GERMANY;N/A;N/A;20
0000763;E/2003/111 - ANNEX A9;20130101;20151231;56301;EUROCOPTER ESPANA;N/A;N/A;20
0000764;E/2003/111 - ANNEX A10 (DRAWING PARTS);20130101;20151231;331080;EUROCOPTER FRANCE;N/A;N/A;20
0000765;E/2003/111 - ANNEX A10 (DRAWING PARTS);20130101;20151231;300017;EUROCOPTER GERMANY;N/A;N/A;20
0000766;E/2003/111 - ANNEX A10 (DRAWING PARTS);20130101;20151231;56301;EUROCOPTER ESPANA;N/A;N/A;20
0000767;E/2003/111 - ANNEX A (XPL);20130101;20151231;331007;AIRBUS FRANCE;N/A;N/A;20
0000768;E/2003/111 - ANNEX A (XPL);20130101;20151231;331028;AIRBUS UK;N/A;N/A;20
0000769;E/2003/111 - ANNEX A (XPL);20130101;20151231;331027;AIRBUS GERMANY;N/A;N/A;20
0000772;E/2003/111 - ANNEX A (XPL);20130101;20151231;334007;SOGERMA;N/A;N/A;20
0000773;E/2003/111 - ANNEX A (XPL);20130101;20151231;300070;PREMIUM AEROTEC GERMANY;N/A;N/A;20
0000774;E/2003/111 - ANNEX A (XPL);20130101;20151231;300016;EADS GERMANY;N/A;N/A;20
0000775;E/2003/111 - ANNEX A (XPL);20130101;20151231;56845;EADS MAROC AVIATION;N/A;N/A;20
0000776;E/2003/111 - ANNEX A (XPL);20130101;20151231;300054;MBDA;N/A;N/A;20
0000777;E/2003/111 - ANNEX A5;20130101;20151231;331080;EUROCOPTER FRANCE;N/A;N/A;80
0000778;E/2003/111 - ANNEX A5;20130101;20151231;300017;EUROCOPTER GERMANY;N/A;N/A;80
0000779;E/2003/111 - ANNEX A5;20130101;20151231;56301;EUROCOPTER ESPANA;N/A;N/A;80
0000780;E/2003/111 - ANNEX A5;20130101;20151231;334007;SOGERMA;N/A;N/A;80
0000781;E/2003/111 - ANNEX A5;20130101;20151231;300070;PREMIUM AEROTEC GERMANY;N/A;N/A;80
0000782;E/2003/111 - ANNEX A5;20130101;20151231;300016;EADS GERMANY;N/A;N/A;80
0000783;E/2003/111 - ANNEX A5;20130101;20151231;56845;EADS MAROC AVIATION;N/A;N/A;80
0000784;E/2003/111 - ANNEX A5;20130101;20151231;300054;MBDA;N/A;N/A;80
0000785;E/2003/111 - ANNEX A5;20130101;20151231;332007;EADS FRANCE;N/A;N/A;80
0000786;E/2003/111 - ANNEX A5;20130101;20151231;332041;EADS SPAIN;N/A;N/A;80
0000787;E/2003/111 - ANNEX A2;20130101;20151231;08681;EADS SOGERMA;N/A;N/A;20
0000788;WESCO_LISI_2015_3Y;20121201;20151231;334037;WESCO US;N/A;N/A;20
0000807;921-CONTRAT SAFRAN 2010-2014 USD;20130109;20141231;331011;SNECMA SERVICE;N/A;N/A;20
0000793;E/2003/111 - ANNEX A11;20130101;20151231;05585;ACITURRI COMPOSITES;N/A;N/A;20
0000794;E/2003/111 - ANNEX A11;20130101;20151231;05549;ACITURRI COMPOSITES;N/A;N/A;20
0000795;E/2003/111 - ANNEX A11;20130101;20151231;55767;ACITURRI METALLIC PARTS, S.L.U.;N/A;N/A;20
0000796;E/2003/111 - ANNEX A11;20130101;20151231;56165;RUAG AEROSPACE STRUCTURES;N/A;N/A;80
0000797;E/2003/111 - ANNEX A12 (REPEATER);20130101;20151231;05410;GKN AEROSPACE SERVICES LTD (OVZ);N/A;N/A;20
0000798;E/2003/111 - ANNEX A12 (REPEATER);20130101;20151231;50112;SPIRIT AEROSYSTEMS (EUROPE) LTD.;N/A;N/A;20
0000808;E/2003/111 - ANNEX A5;20130101;20151231;331080;EUROCOPTER FRANCE;N/A;N/A;20
0000729;E/2003/111 - ANNEX A2;20130101;20151231;200003;AIRBUS;N/A;N/A;20
0000733;E/2003/111 - ANNEX A2;20130101;20151231;55741;EADS-CASA, S.A.;N/A;N/A;20
0000800;E/2003/111 - ANNEX A11 (TO BE CHANGED IN;20130101;20151231;55852;GKN AEROSPACE SERVICES LTD;N/A;N/A;80
0000801;E/2003/111 - ANNEX A11 (MAY BE LOST 2013;20130101;20151231;55852;GKN AEROSPACE SERVICES LTD;N/A;N/A;80
0000802;MTU 2012-2015 (AMMENDMENT N°1);20130101;20151231;56835;MTU AERO ENGINES GMBH;N/A;N/A;20
0000803;MTU 2011-2015;20130101;20151231;56835;MTU AERO ENGINES GMBH;N/A;N/A;20
0000809;E/2003/111 - ANNEX A5;20130101;20151231;300017;EUROCOPTER GERMANY;N/A;N/A;20
0000804;921-CONTRAT SAFRAN 2010-2014 EUR;20130109;20141231;331011;SNECMA SERVICE;N/A;N/A;20
0000806;920-CONTRAT SAFRAN 2010-2014 USD;20130109;20141231;331037;SNECMA;N/A;N/A;20
0000810;E/2003/111 - ANNEX A5;20130101;20151231;56301;EUROCOPTER ESPANA;N/A;N/A;20
0000811;E/2003/111 - ANNEX A5;20130101;20151231;334007;SOGERMA;N/A;N/A;20
0000812;E/2003/111 - ANNEX A5;20130101;20151231;300070;PREMIUM AEROTEC GERMANY;N/A;N/A;20
0000813;E/2003/111 - ANNEX A5;20130101;20151231;300016;EADS GERMANY;N/A;N/A;20
0000814;E/2003/111 - ANNEX A5;20130101;20151231;56845;EADS MAROC AVIATION;N/A;N/A;20
0000815;E/2003/111 - ANNEX A5;20130101;20151231;300054;MBDA;N/A;N/A;20
0000816;E/2003/111 - ANNEX A5;20130101;20151231;332007;EADS FRANCE;N/A;N/A;20
0000817;E/2003/111 - ANNEX A5;20130101;20151231;332041;EADS SPAIN;N/A;N/A;20
0000999;BCA_LISI_2012-2021 [Bucket B]_10Y;20120601;20121231;334018;BCA;N/A;N/A;80
0000818;BCA_LISI_2012-2021 [Bucket B]_10Y;20130101;20131231;334018;BCA;N/A;N/A;20
0000819;MBD VDR 2013 2018;20130301;20181231;331035;MESSIER BUGATTI DOWTY (EX MESSIER);N/A;N/A;20
0001000;E/2003/111 OVERSIZE AIRBUS UK (REPEATER);20130101;20151231;55115;AIRBUS SPARES;N/A;N/A;20
0000820;AFI_LISI_2015_3Y;20121201;20151231;60419;AIRCRAFT FASTENERS INT'L;N/A;N/A;20
0000821;4600004120;20130101;20151231;200004;ALENIA;N/A;N/A;20
0000822;WESCO_LISI_2016_4Y;20130201;20161231;334037;WESCO US;N/A;N/A;20
0000824;ADEPT_LISI_2015_3Y;20130101;20151231;55169;ADEPT FASTENERS;N/A;N/A;20
0000823;MHI_LNA_2015 for Bombardier_3Y;20130101;20151231;60174;MITSUBISHI HEAVY INDUSTRIES AMERICA;N/A;N/A;20
0001001;SAFRAN 2010-2014 USD;20100101;20141231;331056;TECHSPACE;N/A;N/A;20
0000825;E/2003/111 - ANNEX A11;20130101;20151231;55852;GKN AEROSPACE SERVICES LTD;N/A;N/A;20
0000826;E/2003/111 - ANNEX A11 (TO BE CHANGED IN;20130101;20151231;55852;GKN AEROSPACE SERVICES LTD;N/A;N/A;20
0000827;E/2003/111 - ANNEX A11 (MAY BE LOST 2013;20130101;20151231;55852;GKN AEROSPACE SERVICES LTD;N/A;N/A;20
0000828;METRIC 2012 ANNEX;20130101;20151231;331080;EUROCOPTER FRANCE;N/A;N/A;10
0000830;E/2003/111 - KAI USD;20130523;20151231;56629;KOREA AEROSPACE INDUSTRIES LTD;N/A;N/A;20
0000831;E/2003/111 - ANNEX A11 EUR;20130429;20151231;56165;RUAG AEROSPACE STRUCTURES;N/A;N/A;20
0000829;E/2003/111 - KAI EUR;20130523;20151231;56629;KOREA AEROSPACE INDUSTRIES LTD;N/A;N/A;20
0000832;E/2003/111 - ANNEX A11 USD;20130429;20151231;56165;RUAG AEROSPACE STRUCTURES;N/A;N/A;20
0000833;LTA XAC AND LISI - EUR;20130517;20151231;55738;AVIC INTERNATIONAL HOLDING CORP.;N/A;N/A;20
0000834;LTA XAC AND LISI - USD;20130517;20151231;55738;AVIC INTERNATIONAL HOLDING CORP.;N/A;N/A;20
0000835;DASSAULT CONTRACT EXTENSION 2013;20130101;20131231;331006;DASSAULT;N/A;N/A;80
0000836;DASSAULT CONTRACT EXTENSION 2013;20130101;20131231;331006;DASSAULT;N/A;N/A;20
